voltage,cap,freq
-2.9988,1.992492e-12,1000000.0
-2.9976,2.015308e-12,1000000.0
-2.9964,2.000011e-12,1000000.0
-2.9952,1.995573e-12,1000000.0
-2.9940,1.996227e-12,1000000.0
-2.9928,1.996093e-12,1000000.0
-2.9916,1.987716e-12,1000000.0
-2.9904,2.001352e-12,1000000.0
-2.9892,2.003402e-12,1000000.0
-2.9880,1.992813e-12,1000000.0
-2.9868,1.992029e-12,1000000.0
-2.9856,1.988875e-12,1000000.0
-2.9844,1.989580e-12,1000000.0
-2.9832,1.994667e-12,1000000.0
-2.9820,1.998463e-12,1000000.0
-2.9808,1.992335e-12,1000000.0
-2.9796,1.998103e-12,1000000.0
-2.9784,1.982205e-12,1000000.0
-2.9772,1.988549e-12,1000000.0
-2.9760,1.994287e-12,1000000.0
-2.9748,1.993872e-12,1000000.0
-2.9736,1.985900e-12,1000000.0
-2.9724,2.006330e-12,1000000.0
-2.9712,1.993464e-12,1000000.0
-2.9700,1.981373e-12,1000000.0
-2.9688,1.991786e-12,1000000.0
-2.9676,1.998626e-12,1000000.0
-2.9664,1.979246e-12,1000000.0
-2.9652,1.981131e-12,1000000.0
-2.9640,1.977968e-12,1000000.0
-2.9628,1.971846e-12,1000000.0
-2.9616,1.972316e-12,1000000.0
-2.9604,1.993547e-12,1000000.0
-2.9592,1.978760e-12,1000000.0
-2.9580,1.979341e-12,1000000.0
-2.9568,1.955368e-12,1000000.0
-2.9556,1.979825e-12,1000000.0
-2.9544,1.977822e-12,1000000.0
-2.9532,1.967542e-12,1000000.0
-2.9520,1.965632e-12,1000000.0
-2.9508,1.962166e-12,1000000.0
-2.9496,1.953990e-12,1000000.0
-2.9484,1.962430e-12,1000000.0
-2.9472,1.964543e-12,1000000.0
-2.9460,1.964343e-12,1000000.0
-2.9448,1.958268e-12,1000000.0
-2.9436,1.963161e-12,1000000.0
-2.9424,1.958692e-12,1000000.0
-2.9412,1.951890e-12,1000000.0
-2.9400,1.966253e-12,1000000.0
-2.9388,1.931078e-12,1000000.0
-2.9376,1.964920e-12,1000000.0
-2.9364,1.941912e-12,1000000.0
-2.9352,1.945856e-12,1000000.0
-2.9340,1.930097e-12,1000000.0
-2.9328,1.942049e-12,1000000.0
-2.9316,1.944275e-12,1000000.0
-2.9304,1.935108e-12,1000000.0
-2.9292,1.933071e-12,1000000.0
-2.9280,1.929088e-12,1000000.0
-2.9268,1.921090e-12,1000000.0
-2.9256,1.926872e-12,1000000.0
-2.9244,1.932225e-12,1000000.0
-2.9232,1.924692e-12,1000000.0
-2.9220,1.916756e-12,1000000.0
-2.9208,1.897620e-12,1000000.0
-2.9196,1.913933e-12,1000000.0
-2.9184,1.910155e-12,1000000.0
-2.9172,1.905614e-12,1000000.0
-2.9160,1.887425e-12,1000000.0
-2.9148,1.892759e-12,1000000.0
-2.9136,1.899075e-12,1000000.0
-2.9124,1.889995e-12,1000000.0
-2.9112,1.898152e-12,1000000.0
-2.9100,1.914161e-12,1000000.0
-2.9088,1.874152e-12,1000000.0
-2.9076,1.891990e-12,1000000.0
-2.9064,1.886695e-12,1000000.0
-2.9052,1.872603e-12,1000000.0
-2.9040,1.875327e-12,1000000.0
-2.9028,1.873402e-12,1000000.0
-2.9016,1.877359e-12,1000000.0
-2.9004,1.871620e-12,1000000.0
-2.8992,1.855335e-12,1000000.0
-2.8980,1.850835e-12,1000000.0
-2.8968,1.857913e-12,1000000.0
-2.8956,1.864655e-12,1000000.0
-2.8944,1.858338e-12,1000000.0
-2.8932,1.850334e-12,1000000.0
-2.8920,1.848448e-12,1000000.0
-2.8908,1.837421e-12,1000000.0
-2.8896,1.838981e-12,1000000.0
-2.8884,1.849586e-12,1000000.0
-2.8872,1.832427e-12,1000000.0
-2.8860,1.834320e-12,1000000.0
-2.8848,1.833307e-12,1000000.0
-2.8836,1.837624e-12,1000000.0
-2.8824,1.809122e-12,1000000.0
-2.8812,1.812017e-12,1000000.0
-2.8800,1.824604e-12,1000000.0
-2.8788,1.810461e-12,1000000.0
-2.8776,1.794111e-12,1000000.0
-2.8764,1.811541e-12,1000000.0
-2.8752,1.778257e-12,1000000.0
-2.8740,1.783694e-12,1000000.0
-2.8728,1.768927e-12,1000000.0
-2.8716,1.777874e-12,1000000.0
-2.8704,1.784600e-12,1000000.0
-2.8692,1.777225e-12,1000000.0
-2.8680,1.768607e-12,1000000.0
-2.8668,1.754502e-12,1000000.0
-2.8656,1.762348e-12,1000000.0
-2.8644,1.751530e-12,1000000.0
-2.8632,1.768169e-12,1000000.0
-2.8620,1.755012e-12,1000000.0
-2.8608,1.746813e-12,1000000.0
-2.8596,1.714081e-12,1000000.0
-2.8584,1.727978e-12,1000000.0
-2.8572,1.725082e-12,1000000.0
-2.8560,1.726648e-12,1000000.0
-2.8548,1.730894e-12,1000000.0
-2.8536,1.730293e-12,1000000.0
-2.8524,1.706866e-12,1000000.0
-2.8512,1.714982e-12,1000000.0
-2.8500,1.708530e-12,1000000.0
-2.8488,1.708636e-12,1000000.0
-2.8476,1.699269e-12,1000000.0
-2.8464,1.697447e-12,1000000.0
-2.8452,1.702319e-12,1000000.0
-2.8440,1.685067e-12,1000000.0
-2.8428,1.675132e-12,1000000.0
-2.8416,1.673941e-12,1000000.0
-2.8404,1.674726e-12,1000000.0
-2.8392,1.657458e-12,1000000.0
-2.8380,1.662197e-12,1000000.0
-2.8368,1.653319e-12,1000000.0
-2.8356,1.649701e-12,1000000.0
-2.8344,1.648797e-12,1000000.0
-2.8332,1.642474e-12,1000000.0
-2.8320,1.639415e-12,1000000.0
-2.8308,1.649095e-12,1000000.0
-2.8296,1.625986e-12,1000000.0
-2.8284,1.606438e-12,1000000.0
-2.8272,1.613336e-12,1000000.0
-2.8260,1.614207e-12,1000000.0
-2.8248,1.620583e-12,1000000.0
-2.8236,1.599390e-12,1000000.0
-2.8224,1.585385e-12,1000000.0
-2.8212,1.588761e-12,1000000.0
-2.8200,1.594478e-12,1000000.0
-2.8188,1.584788e-12,1000000.0
-2.8176,1.559944e-12,1000000.0
-2.8164,1.583972e-12,1000000.0
-2.8152,1.565026e-12,1000000.0
-2.8140,1.555772e-12,1000000.0
-2.8128,1.549589e-12,1000000.0
-2.8116,1.549813e-12,1000000.0
-2.8104,1.570627e-12,1000000.0
-2.8092,1.551546e-12,1000000.0
-2.8080,1.547730e-12,1000000.0
-2.8068,1.505600e-12,1000000.0
-2.8056,1.536030e-12,1000000.0
-2.8044,1.521377e-12,1000000.0
-2.8032,1.500031e-12,1000000.0
-2.8020,1.506498e-12,1000000.0
-2.8008,1.510013e-12,1000000.0
-2.7996,1.495486e-12,1000000.0
-2.7984,1.485161e-12,1000000.0
-2.7972,1.489681e-12,1000000.0
-2.7960,1.473333e-12,1000000.0
-2.7948,1.469695e-12,1000000.0
-2.7936,1.487968e-12,1000000.0
-2.7924,1.470786e-12,1000000.0
-2.7912,1.461636e-12,1000000.0
-2.7900,1.442586e-12,1000000.0
-2.7888,1.457296e-12,1000000.0
-2.7876,1.441442e-12,1000000.0
-2.7864,1.421133e-12,1000000.0
-2.7852,1.443059e-12,1000000.0
-2.7840,1.427378e-12,1000000.0
-2.7828,1.427984e-12,1000000.0
-2.7816,1.408946e-12,1000000.0
-2.7804,1.402828e-12,1000000.0
-2.7792,1.387617e-12,1000000.0
-2.7780,1.385512e-12,1000000.0
-2.7768,1.403111e-12,1000000.0
-2.7756,1.400770e-12,1000000.0
-2.7744,1.370637e-12,1000000.0
-2.7732,1.368692e-12,1000000.0
-2.7720,1.370744e-12,1000000.0
-2.7708,1.351790e-12,1000000.0
-2.7696,1.367570e-12,1000000.0
-2.7684,1.374028e-12,1000000.0
-2.7672,1.345464e-12,1000000.0
-2.7660,1.339593e-12,1000000.0
-2.7648,1.351674e-12,1000000.0
-2.7636,1.334436e-12,1000000.0
-2.7624,1.332731e-12,1000000.0
-2.7612,1.311545e-12,1000000.0
-2.7600,1.305317e-12,1000000.0
-2.7588,1.311174e-12,1000000.0
-2.7576,1.311146e-12,1000000.0
-2.7564,1.286116e-12,1000000.0
-2.7552,1.281965e-12,1000000.0
-2.7540,1.274067e-12,1000000.0
-2.7528,1.277646e-12,1000000.0
-2.7516,1.261411e-12,1000000.0
-2.7504,1.268622e-12,1000000.0
-2.7492,1.252033e-12,1000000.0
-2.7480,1.247237e-12,1000000.0
-2.7468,1.241341e-12,1000000.0
-2.7456,1.242921e-12,1000000.0
-2.7444,1.228707e-12,1000000.0
-2.7432,1.232323e-12,1000000.0
-2.7420,1.221955e-12,1000000.0
-2.7408,1.216548e-12,1000000.0
-2.7396,1.198555e-12,1000000.0
-2.7384,1.182701e-12,1000000.0
-2.7372,1.183588e-12,1000000.0
-2.7360,1.171933e-12,1000000.0
-2.7348,1.188108e-12,1000000.0
-2.7336,1.179815e-12,1000000.0
-2.7324,1.172140e-12,1000000.0
-2.7312,1.156642e-12,1000000.0
-2.7300,1.169701e-12,1000000.0
-2.7288,1.145061e-12,1000000.0
-2.7276,1.144819e-12,1000000.0
-2.7264,1.132483e-12,1000000.0
-2.7252,1.134294e-12,1000000.0
-2.7240,1.128902e-12,1000000.0
-2.7228,1.141934e-12,1000000.0
-2.7216,1.098835e-12,1000000.0
-2.7204,1.102492e-12,1000000.0
-2.7192,1.112482e-12,1000000.0
-2.7180,1.079887e-12,1000000.0
-2.7168,1.086745e-12,1000000.0
-2.7156,1.067513e-12,1000000.0
-2.7144,1.072820e-12,1000000.0
-2.7132,1.067690e-12,1000000.0
-2.7120,1.057531e-12,1000000.0
-2.7108,1.054985e-12,1000000.0
-2.7096,1.049715e-12,1000000.0
-2.7084,1.038091e-12,1000000.0
-2.7072,1.062090e-12,1000000.0
-2.7060,1.038567e-12,1000000.0
-2.7048,1.022184e-12,1000000.0
-2.7036,1.009612e-12,1000000.0
-2.7024,1.010968e-12,1000000.0
-2.7012,1.004168e-12,1000000.0
-2.7000,9.991390e-13,1000000.0
-2.6988,9.978906e-13,1000000.0
-2.6976,9.992787e-13,1000000.0
-2.6964,9.797357e-13,1000000.0
-2.6952,9.828462e-13,1000000.0
-2.6940,9.818296e-13,1000000.0
-2.6928,9.489545e-13,1000000.0
-2.6916,9.510000e-13,1000000.0
-2.6904,9.320869e-13,1000000.0
-2.6892,9.372202e-13,1000000.0
-2.6880,9.399928e-13,1000000.0
-2.6868,9.452770e-13,1000000.0
-2.6856,9.277390e-13,1000000.0
-2.6844,9.231295e-13,1000000.0
-2.6832,9.035216e-13,1000000.0
-2.6820,9.153241e-13,1000000.0
-2.6808,8.985169e-13,1000000.0
-2.6796,8.942487e-13,1000000.0
-2.6784,8.796441e-13,1000000.0
-2.6772,8.938901e-13,1000000.0
-2.6760,8.689144e-13,1000000.0
-2.6748,8.796795e-13,1000000.0
-2.6736,8.743520e-13,1000000.0
-2.6724,8.452005e-13,1000000.0
-2.6712,8.695425e-13,1000000.0
-2.6700,8.479477e-13,1000000.0
-2.6688,8.320967e-13,1000000.0
-2.6676,8.294197e-13,1000000.0
-2.6664,8.204695e-13,1000000.0
-2.6652,8.254657e-13,1000000.0
-2.6640,8.200372e-13,1000000.0
-2.6628,8.054200e-13,1000000.0
-2.6616,8.079158e-13,1000000.0
-2.6604,8.094791e-13,1000000.0
-2.6592,7.711666e-13,1000000.0
-2.6580,7.938690e-13,1000000.0
-2.6568,7.733233e-13,1000000.0
-2.6556,7.706691e-13,1000000.0
-2.6544,7.769023e-13,1000000.0
-2.6532,7.401369e-13,1000000.0
-2.6520,7.444779e-13,1000000.0
-2.6508,7.551876e-13,1000000.0
-2.6496,7.466529e-13,1000000.0
-2.6484,7.300799e-13,1000000.0
-2.6472,7.245929e-13,1000000.0
-2.6460,7.405026e-13,1000000.0
-2.6448,7.213782e-13,1000000.0
-2.6436,7.163650e-13,1000000.0
-2.6424,6.840506e-13,1000000.0
-2.6412,6.973963e-13,1000000.0
-2.6400,6.899713e-13,1000000.0
-2.6388,6.855180e-13,1000000.0
-2.6376,6.863350e-13,1000000.0
-2.6364,6.769261e-13,1000000.0
-2.6352,6.712695e-13,1000000.0
-2.6340,6.610480e-13,1000000.0
-2.6328,6.645516e-13,1000000.0
-2.6316,6.501269e-13,1000000.0
-2.6304,6.369560e-13,1000000.0
-2.6292,6.360111e-13,1000000.0
-2.6280,6.260508e-13,1000000.0
-2.6268,6.159750e-13,1000000.0
-2.6256,6.096033e-13,1000000.0
-2.6244,5.990509e-13,1000000.0
-2.6232,5.905670e-13,1000000.0
-2.6220,6.035074e-13,1000000.0
-2.6208,6.126717e-13,1000000.0
-2.6196,5.949781e-13,1000000.0
-2.6184,5.991789e-13,1000000.0
-2.6172,5.842875e-13,1000000.0
-2.6160,5.903953e-13,1000000.0
-2.6148,5.703417e-13,1000000.0
-2.6136,5.598165e-13,1000000.0
-2.6124,5.518545e-13,1000000.0
-2.6112,5.504894e-13,1000000.0
-2.6100,5.447145e-13,1000000.0
-2.6088,5.365849e-13,1000000.0
-2.6076,5.240385e-13,1000000.0
-2.6064,5.256337e-13,1000000.0
-2.6052,5.284766e-13,1000000.0
-2.6040,5.284840e-13,1000000.0
-2.6028,5.184622e-13,1000000.0
-2.6016,5.021585e-13,1000000.0
-2.6004,5.074091e-13,1000000.0
-2.5992,4.862922e-13,1000000.0
-2.5980,4.944599e-13,1000000.0
-2.5968,4.981686e-13,1000000.0
-2.5956,4.885297e-13,1000000.0
-2.5944,4.560024e-13,1000000.0
-2.5932,4.597873e-13,1000000.0
-2.5920,4.782208e-13,1000000.0
-2.5908,4.600748e-13,1000000.0
-2.5896,4.424578e-13,1000000.0
-2.5884,4.591768e-13,1000000.0
-2.5872,4.313802e-13,1000000.0
-2.5860,4.344910e-13,1000000.0
-2.5848,4.404283e-13,1000000.0
-2.5836,4.339607e-13,1000000.0
-2.5824,4.282197e-13,1000000.0
-2.5812,4.161900e-13,1000000.0
-2.5800,4.135833e-13,1000000.0
-2.5788,3.981791e-13,1000000.0
-2.5776,3.946975e-13,1000000.0
-2.5764,4.009296e-13,1000000.0
-2.5752,4.008404e-13,1000000.0
-2.5740,3.793980e-13,1000000.0
-2.5728,3.764569e-13,1000000.0
-2.5716,3.947343e-13,1000000.0
-2.5704,3.688553e-13,1000000.0
-2.5692,3.661169e-13,1000000.0
-2.5680,3.559998e-13,1000000.0
-2.5668,3.712906e-13,1000000.0
-2.5656,3.522718e-13,1000000.0
-2.5644,3.583635e-13,1000000.0
-2.5632,3.661686e-13,1000000.0
-2.5620,3.415709e-13,1000000.0
-2.5608,3.386600e-13,1000000.0
-2.5596,3.420485e-13,1000000.0
-2.5584,3.354813e-13,1000000.0
-2.5572,3.146027e-13,1000000.0
-2.5560,2.954219e-13,1000000.0
-2.5548,3.146570e-13,1000000.0
-2.5536,2.957991e-13,1000000.0
-2.5524,3.054649e-13,1000000.0
-2.5512,2.989672e-13,1000000.0
-2.5500,2.959454e-13,1000000.0
-2.5488,3.021844e-13,1000000.0
-2.5476,3.031508e-13,1000000.0
-2.5464,2.783135e-13,1000000.0
-2.5452,2.777713e-13,1000000.0
-2.5440,2.762569e-13,1000000.0
-2.5428,2.649395e-13,1000000.0
-2.5416,2.499769e-13,1000000.0
-2.5404,2.644020e-13,1000000.0
-2.5392,2.505353e-13,1000000.0
-2.5380,2.446543e-13,1000000.0
-2.5368,2.478234e-13,1000000.0
-2.5356,2.254605e-13,1000000.0
-2.5344,2.440571e-13,1000000.0
-2.5332,2.267156e-13,1000000.0
-2.5320,2.229036e-13,1000000.0
-2.5308,2.293346e-13,1000000.0
-2.5296,2.162846e-13,1000000.0
-2.5284,2.109950e-13,1000000.0
-2.5272,2.213440e-13,1000000.0
-2.5260,2.095331e-13,1000000.0
-2.5248,2.001548e-13,1000000.0
-2.5236,2.062350e-13,1000000.0
-2.5224,1.914046e-13,1000000.0
-2.5212,2.023082e-13,1000000.0
-2.5200,2.100712e-13,1000000.0
-2.5188,1.917353e-13,1000000.0
-2.5176,1.655397e-13,1000000.0
-2.5164,1.613165e-13,1000000.0
-2.5152,1.775574e-13,1000000.0
-2.5140,1.619412e-13,1000000.0
-2.5128,1.636309e-13,1000000.0
-2.5116,1.508594e-13,1000000.0
-2.5104,1.569770e-13,1000000.0
-2.5092,1.527130e-13,1000000.0
-2.5080,1.603395e-13,1000000.0
-2.5068,1.423129e-13,1000000.0
-2.5056,1.667127e-13,1000000.0
-2.5044,1.516600e-13,1000000.0
-2.5032,1.516846e-13,1000000.0
-2.5020,1.499571e-13,1000000.0
-2.5008,1.248536e-13,1000000.0
-2.4996,1.262221e-13,1000000.0
-2.4984,1.342381e-13,1000000.0
-2.4972,1.316314e-13,1000000.0
-2.4960,1.204067e-13,1000000.0
-2.4948,1.126385e-13,1000000.0
-2.4936,1.348491e-13,1000000.0
-2.4924,1.239957e-13,1000000.0
-2.4912,9.743770e-14,1000000.0
-2.4900,9.463714e-14,1000000.0
-2.4888,1.138218e-13,1000000.0
-2.4876,1.171175e-13,1000000.0
-2.4864,8.474160e-14,1000000.0
-2.4852,9.835196e-14,1000000.0
-2.4840,1.101933e-13,1000000.0
-2.4828,9.090556e-14,1000000.0
-2.4816,9.424439e-14,1000000.0
-2.4804,8.668953e-14,1000000.0
-2.4792,8.364789e-14,1000000.0
-2.4780,8.315098e-14,1000000.0
-2.4768,7.363765e-14,1000000.0
-2.4756,7.720856e-14,1000000.0
-2.4744,7.043878e-14,1000000.0
-2.4732,7.987681e-14,1000000.0
-2.4720,8.826517e-14,1000000.0
-2.4708,7.089669e-14,1000000.0
-2.4696,6.525475e-14,1000000.0
-2.4684,6.485078e-14,1000000.0
-2.4672,4.879004e-14,1000000.0
-2.4660,5.101995e-14,1000000.0
-2.4648,4.880636e-14,1000000.0
-2.4636,6.973124e-14,1000000.0
-2.4624,6.348030e-14,1000000.0
-2.4612,5.342917e-14,1000000.0
-2.4600,5.418610e-14,1000000.0
-2.4588,4.589062e-14,1000000.0
-2.4576,4.124236e-14,1000000.0
-2.4564,3.812513e-14,1000000.0
-2.4552,4.661734e-14,1000000.0
-2.4540,5.428682e-14,1000000.0
-2.4528,4.458190e-14,1000000.0
-2.4516,5.852648e-14,1000000.0
-2.4504,4.327767e-14,1000000.0
-2.4492,2.932739e-14,1000000.0
-2.4480,3.958564e-14,1000000.0
-2.4468,3.307234e-14,1000000.0
-2.4456,3.145848e-14,1000000.0
-2.4444,1.956154e-14,1000000.0
-2.4432,1.343209e-14,1000000.0
-2.4420,4.107770e-14,1000000.0
-2.4408,1.800131e-14,1000000.0
-2.4396,1.872184e-14,1000000.0
-2.4384,-1.423264e-15,1000000.0
-2.4372,2.700049e-14,1000000.0
-2.4360,1.621274e-14,1000000.0
-2.4348,1.282922e-14,1000000.0
-2.4336,-2.712589e-15,1000000.0
-2.4324,2.597006e-14,1000000.0
-2.4312,2.172421e-14,1000000.0
-2.4300,1.150455e-14,1000000.0
-2.4288,1.597088e-14,1000000.0
-2.4276,1.193129e-14,1000000.0
-2.4264,1.591773e-14,1000000.0
-2.4252,6.749705e-15,1000000.0
-2.4240,-6.354272e-15,1000000.0
-2.4228,7.327305e-15,1000000.0
-2.4216,1.713264e-16,1000000.0
-2.4204,1.116205e-14,1000000.0
-2.4192,1.208835e-14,1000000.0
-2.4180,-3.712279e-15,1000000.0
-2.4168,2.391778e-14,1000000.0
-2.4156,1.864165e-14,1000000.0
-2.4144,1.905332e-14,1000000.0
-2.4132,-4.551201e-16,1000000.0
-2.4120,1.049791e-14,1000000.0
-2.4108,-1.975520e-14,1000000.0
-2.4096,-8.569730e-15,1000000.0
-2.4084,-1.161977e-15,1000000.0
-2.4072,-2.989977e-15,1000000.0
-2.4060,-7.802204e-15,1000000.0
-2.4048,2.360404e-14,1000000.0
-2.4036,-9.117759e-15,1000000.0
-2.4024,-4.517749e-15,1000000.0
-2.4012,1.054773e-14,1000000.0
-2.4000,-9.499544e-15,1000000.0
-2.3988,-8.638746e-15,1000000.0
-2.3976,1.304987e-14,1000000.0
-2.3964,1.003439e-14,1000000.0
-2.3952,-1.169737e-14,1000000.0
-2.3940,-4.830596e-15,1000000.0
-2.3928,-1.625503e-14,1000000.0
-2.3916,-8.996344e-15,1000000.0
-2.3904,-5.492859e-15,1000000.0
-2.3892,1.436588e-14,1000000.0
-2.3880,-3.341336e-15,1000000.0
-2.3868,1.072115e-14,1000000.0
-2.3856,1.425587e-15,1000000.0
-2.3844,-3.632636e-15,1000000.0
-2.3832,2.864113e-15,1000000.0
-2.3820,1.130332e-14,1000000.0
-2.3808,1.141367e-14,1000000.0
-2.3796,2.072213e-14,1000000.0
-2.3784,2.041741e-14,1000000.0
-2.3772,2.353737e-14,1000000.0
-2.3760,1.420994e-15,1000000.0
-2.3748,9.990732e-16,1000000.0
-2.3736,9.794997e-15,1000000.0
-2.3724,3.723355e-15,1000000.0
-2.3712,1.084765e-14,1000000.0
-2.3700,1.715746e-14,1000000.0
-2.3688,-6.679991e-15,1000000.0
-2.3676,1.429128e-14,1000000.0
-2.3664,1.167374e-14,1000000.0
-2.3652,1.326548e-14,1000000.0
-2.3640,1.353485e-14,1000000.0
-2.3628,2.281902e-14,1000000.0
-2.3616,1.923181e-14,1000000.0
-2.3604,2.182090e-14,1000000.0
-2.3592,7.392861e-15,1000000.0
-2.3580,2.164114e-14,1000000.0
-2.3568,1.827501e-14,1000000.0
-2.3556,4.484529e-14,1000000.0
-2.3544,2.763447e-14,1000000.0
-2.3532,2.939791e-14,1000000.0
-2.3520,2.780932e-14,1000000.0
-2.3508,4.384797e-14,1000000.0
-2.3496,2.052741e-14,1000000.0
-2.3484,2.343576e-14,1000000.0
-2.3472,3.709071e-14,1000000.0
-2.3460,4.240136e-14,1000000.0
-2.3448,3.830198e-14,1000000.0
-2.3436,1.882449e-14,1000000.0
-2.3424,4.390139e-14,1000000.0
-2.3412,4.296035e-14,1000000.0
-2.3400,7.000923e-14,1000000.0
-2.3388,5.115327e-14,1000000.0
-2.3376,5.308380e-14,1000000.0
-2.3364,6.121532e-14,1000000.0
-2.3352,5.862304e-14,1000000.0
-2.3340,5.338751e-14,1000000.0
-2.3328,7.613552e-14,1000000.0
-2.3316,7.618336e-14,1000000.0
-2.3304,7.737941e-14,1000000.0
-2.3292,7.117616e-14,1000000.0
-2.3280,7.300294e-14,1000000.0
-2.3268,6.396489e-14,1000000.0
-2.3256,6.217601e-14,1000000.0
-2.3244,7.263428e-14,1000000.0
-2.3232,8.526303e-14,1000000.0
-2.3220,8.506823e-14,1000000.0
-2.3208,9.190660e-14,1000000.0
-2.3196,8.404543e-14,1000000.0
-2.3184,1.039847e-13,1000000.0
-2.3172,9.411484e-14,1000000.0
-2.3160,9.046884e-14,1000000.0
-2.3148,8.356586e-14,1000000.0
-2.3136,9.649183e-14,1000000.0
-2.3124,8.999795e-14,1000000.0
-2.3112,1.028334e-13,1000000.0
-2.3100,1.061273e-13,1000000.0
-2.3088,1.334502e-13,1000000.0
-2.3076,1.028736e-13,1000000.0
-2.3064,1.203959e-13,1000000.0
-2.3052,1.254247e-13,1000000.0
-2.3040,1.165089e-13,1000000.0
-2.3028,1.235106e-13,1000000.0
-2.3016,1.364454e-13,1000000.0
-2.3004,1.309656e-13,1000000.0
-2.2992,1.619909e-13,1000000.0
-2.2980,1.426505e-13,1000000.0
-2.2968,1.313288e-13,1000000.0
-2.2956,1.288644e-13,1000000.0
-2.2944,1.603639e-13,1000000.0
-2.2932,1.439398e-13,1000000.0
-2.2920,1.645166e-13,1000000.0
-2.2908,1.533259e-13,1000000.0
-2.2896,1.584635e-13,1000000.0
-2.2884,1.601152e-13,1000000.0
-2.2872,1.754997e-13,1000000.0
-2.2860,1.702957e-13,1000000.0
-2.2848,1.555443e-13,1000000.0
-2.2836,1.921557e-13,1000000.0
-2.2824,1.806788e-13,1000000.0
-2.2812,1.879429e-13,1000000.0
-2.2800,1.720819e-13,1000000.0
-2.2788,1.762099e-13,1000000.0
-2.2776,1.955287e-13,1000000.0
-2.2764,1.915167e-13,1000000.0
-2.2752,1.885102e-13,1000000.0
-2.2740,2.278928e-13,1000000.0
-2.2728,2.088411e-13,1000000.0
-2.2716,2.203075e-13,1000000.0
-2.2704,2.215994e-13,1000000.0
-2.2692,2.046036e-13,1000000.0
-2.2680,2.208973e-13,1000000.0
-2.2668,2.364181e-13,1000000.0
-2.2656,2.451381e-13,1000000.0
-2.2644,2.404307e-13,1000000.0
-2.2632,2.333621e-13,1000000.0
-2.2620,2.537636e-13,1000000.0
-2.2608,2.642455e-13,1000000.0
-2.2596,2.667583e-13,1000000.0
-2.2584,2.676155e-13,1000000.0
-2.2572,2.553182e-13,1000000.0
-2.2560,2.383607e-13,1000000.0
-2.2548,2.822719e-13,1000000.0
-2.2536,2.823858e-13,1000000.0
-2.2524,2.896984e-13,1000000.0
-2.2512,2.770786e-13,1000000.0
-2.2500,2.937236e-13,1000000.0
-2.2488,3.111798e-13,1000000.0
-2.2476,2.993417e-13,1000000.0
-2.2464,3.212129e-13,1000000.0
-2.2452,3.111390e-13,1000000.0
-2.2440,3.337169e-13,1000000.0
-2.2428,3.153022e-13,1000000.0
-2.2416,3.249808e-13,1000000.0
-2.2404,3.276381e-13,1000000.0
-2.2392,3.587270e-13,1000000.0
-2.2380,3.446630e-13,1000000.0
-2.2368,3.518527e-13,1000000.0
-2.2356,3.628582e-13,1000000.0
-2.2344,3.492308e-13,1000000.0
-2.2332,3.500057e-13,1000000.0
-2.2320,3.630968e-13,1000000.0
-2.2308,3.750550e-13,1000000.0
-2.2296,3.667385e-13,1000000.0
-2.2284,3.806673e-13,1000000.0
-2.2272,3.767805e-13,1000000.0
-2.2260,3.931059e-13,1000000.0
-2.2248,3.921196e-13,1000000.0
-2.2236,3.910633e-13,1000000.0
-2.2224,4.050563e-13,1000000.0
-2.2212,4.069187e-13,1000000.0
-2.2200,3.989581e-13,1000000.0
-2.2188,4.196022e-13,1000000.0
-2.2176,4.212697e-13,1000000.0
-2.2164,4.350102e-13,1000000.0
-2.2152,4.498089e-13,1000000.0
-2.2140,4.232527e-13,1000000.0
-2.2128,4.339765e-13,1000000.0
-2.2116,4.357514e-13,1000000.0
-2.2104,4.563316e-13,1000000.0
-2.2092,4.627773e-13,1000000.0
-2.2080,4.704693e-13,1000000.0
-2.2068,4.862406e-13,1000000.0
-2.2056,4.831172e-13,1000000.0
-2.2044,4.739256e-13,1000000.0
-2.2032,4.881043e-13,1000000.0
-2.2020,4.898081e-13,1000000.0
-2.2008,4.839344e-13,1000000.0
-2.1996,5.237322e-13,1000000.0
-2.1984,5.105553e-13,1000000.0
-2.1972,5.207979e-13,1000000.0
-2.1960,5.125584e-13,1000000.0
-2.1948,5.179507e-13,1000000.0
-2.1936,5.279917e-13,1000000.0
-2.1924,5.361116e-13,1000000.0
-2.1912,5.218223e-13,1000000.0
-2.1900,5.424182e-13,1000000.0
-2.1888,5.596111e-13,1000000.0
-2.1876,5.604275e-13,1000000.0
-2.1864,5.758697e-13,1000000.0
-2.1852,5.613686e-13,1000000.0
-2.1840,5.864656e-13,1000000.0
-2.1828,5.916290e-13,1000000.0
-2.1816,5.698550e-13,1000000.0
-2.1804,5.911133e-13,1000000.0
-2.1792,5.922411e-13,1000000.0
-2.1780,6.046142e-13,1000000.0
-2.1768,6.167494e-13,1000000.0
-2.1756,6.046470e-13,1000000.0
-2.1744,6.060765e-13,1000000.0
-2.1732,6.303536e-13,1000000.0
-2.1720,6.556678e-13,1000000.0
-2.1708,6.247817e-13,1000000.0
-2.1696,6.647641e-13,1000000.0
-2.1684,6.573518e-13,1000000.0
-2.1672,6.523030e-13,1000000.0
-2.1660,6.581447e-13,1000000.0
-2.1648,6.560364e-13,1000000.0
-2.1636,6.621650e-13,1000000.0
-2.1624,6.744440e-13,1000000.0
-2.1612,6.868149e-13,1000000.0
-2.1600,7.073084e-13,1000000.0
-2.1588,6.905036e-13,1000000.0
-2.1576,6.974020e-13,1000000.0
-2.1564,6.992731e-13,1000000.0
-2.1552,7.217691e-13,1000000.0
-2.1540,7.300707e-13,1000000.0
-2.1528,7.138598e-13,1000000.0
-2.1516,7.320031e-13,1000000.0
-2.1504,7.330116e-13,1000000.0
-2.1492,7.503238e-13,1000000.0
-2.1480,7.571538e-13,1000000.0
-2.1468,7.554398e-13,1000000.0
-2.1456,7.623451e-13,1000000.0
-2.1444,7.805929e-13,1000000.0
-2.1432,7.773248e-13,1000000.0
-2.1420,7.986518e-13,1000000.0
-2.1408,7.702999e-13,1000000.0
-2.1396,7.810610e-13,1000000.0
-2.1384,7.825453e-13,1000000.0
-2.1372,7.959702e-13,1000000.0
-2.1360,8.227238e-13,1000000.0
-2.1348,8.191926e-13,1000000.0
-2.1336,8.184851e-13,1000000.0
-2.1324,8.260763e-13,1000000.0
-2.1312,8.251493e-13,1000000.0
-2.1300,8.325009e-13,1000000.0
-2.1288,8.442490e-13,1000000.0
-2.1276,8.668057e-13,1000000.0
-2.1264,8.531522e-13,1000000.0
-2.1252,8.811588e-13,1000000.0
-2.1240,8.728489e-13,1000000.0
-2.1228,8.679582e-13,1000000.0
-2.1216,8.828289e-13,1000000.0
-2.1204,8.989316e-13,1000000.0
-2.1192,8.771863e-13,1000000.0
-2.1180,9.118428e-13,1000000.0
-2.1168,9.011899e-13,1000000.0
-2.1156,9.154072e-13,1000000.0
-2.1144,9.262988e-13,1000000.0
-2.1132,9.418445e-13,1000000.0
-2.1120,9.352695e-13,1000000.0
-2.1108,9.441178e-13,1000000.0
-2.1096,9.428754e-13,1000000.0
-2.1084,9.505799e-13,1000000.0
-2.1072,9.743291e-13,1000000.0
-2.1060,9.588085e-13,1000000.0
-2.1048,9.968446e-13,1000000.0
-2.1036,9.811457e-13,1000000.0
-2.1024,9.833393e-13,1000000.0
-2.1012,9.808924e-13,1000000.0
-2.1000,9.952469e-13,1000000.0
-2.0988,9.929666e-13,1000000.0
-2.0976,1.028217e-12,1000000.0
-2.0964,1.011879e-12,1000000.0
-2.0952,1.017633e-12,1000000.0
-2.0940,1.028626e-12,1000000.0
-2.0928,1.032694e-12,1000000.0
-2.0916,1.067189e-12,1000000.0
-2.0904,1.044555e-12,1000000.0
-2.0892,1.045382e-12,1000000.0
-2.0880,1.069168e-12,1000000.0
-2.0868,1.072309e-12,1000000.0
-2.0856,1.074224e-12,1000000.0
-2.0844,1.087678e-12,1000000.0
-2.0832,1.096632e-12,1000000.0
-2.0820,1.082939e-12,1000000.0
-2.0808,1.087228e-12,1000000.0
-2.0796,1.102588e-12,1000000.0
-2.0784,1.107097e-12,1000000.0
-2.0772,1.131141e-12,1000000.0
-2.0760,1.105650e-12,1000000.0
-2.0748,1.129513e-12,1000000.0
-2.0736,1.118675e-12,1000000.0
-2.0724,1.137644e-12,1000000.0
-2.0712,1.146621e-12,1000000.0
-2.0700,1.162277e-12,1000000.0
-2.0688,1.139552e-12,1000000.0
-2.0676,1.165342e-12,1000000.0
-2.0664,1.189491e-12,1000000.0
-2.0652,1.181844e-12,1000000.0
-2.0640,1.180360e-12,1000000.0
-2.0628,1.190162e-12,1000000.0
-2.0616,1.192206e-12,1000000.0
-2.0604,1.196896e-12,1000000.0
-2.0592,1.214513e-12,1000000.0
-2.0580,1.233780e-12,1000000.0
-2.0568,1.226444e-12,1000000.0
-2.0556,1.232568e-12,1000000.0
-2.0544,1.252883e-12,1000000.0
-2.0532,1.247122e-12,1000000.0
-2.0520,1.248000e-12,1000000.0
-2.0508,1.254144e-12,1000000.0
-2.0496,1.251267e-12,1000000.0
-2.0484,1.270612e-12,1000000.0
-2.0472,1.247619e-12,1000000.0
-2.0460,1.271092e-12,1000000.0
-2.0448,1.274439e-12,1000000.0
-2.0436,1.304971e-12,1000000.0
-2.0424,1.297958e-12,1000000.0
-2.0412,1.306665e-12,1000000.0
-2.0400,1.296924e-12,1000000.0
-2.0388,1.313719e-12,1000000.0
-2.0376,1.324008e-12,1000000.0
-2.0364,1.323676e-12,1000000.0
-2.0352,1.331194e-12,1000000.0
-2.0340,1.330151e-12,1000000.0
-2.0328,1.332787e-12,1000000.0
-2.0316,1.362758e-12,1000000.0
-2.0304,1.346366e-12,1000000.0
-2.0292,1.379101e-12,1000000.0
-2.0280,1.358287e-12,1000000.0
-2.0268,1.382284e-12,1000000.0
-2.0256,1.393307e-12,1000000.0
-2.0244,1.390833e-12,1000000.0
-2.0232,1.392074e-12,1000000.0
-2.0220,1.400897e-12,1000000.0
-2.0208,1.403465e-12,1000000.0
-2.0196,1.414731e-12,1000000.0
-2.0184,1.409488e-12,1000000.0
-2.0172,1.402259e-12,1000000.0
-2.0160,1.412451e-12,1000000.0
-2.0148,1.439902e-12,1000000.0
-2.0136,1.453562e-12,1000000.0
-2.0124,1.427828e-12,1000000.0
-2.0112,1.463394e-12,1000000.0
-2.0100,1.444469e-12,1000000.0
-2.0088,1.450593e-12,1000000.0
-2.0076,1.483276e-12,1000000.0
-2.0064,1.476363e-12,1000000.0
-2.0052,1.472388e-12,1000000.0
-2.0040,1.492050e-12,1000000.0
-2.0028,1.478907e-12,1000000.0
-2.0016,1.500978e-12,1000000.0
-2.0004,1.501660e-12,1000000.0
-1.9992,1.496145e-12,1000000.0
-1.9980,1.509230e-12,1000000.0
-1.9968,1.508286e-12,1000000.0
-1.9956,1.518505e-12,1000000.0
-1.9944,1.520653e-12,1000000.0
-1.9932,1.534988e-12,1000000.0
-1.9920,1.547181e-12,1000000.0
-1.9908,1.540206e-12,1000000.0
-1.9896,1.545356e-12,1000000.0
-1.9884,1.585364e-12,1000000.0
-1.9872,1.548357e-12,1000000.0
-1.9860,1.570279e-12,1000000.0
-1.9848,1.567339e-12,1000000.0
-1.9836,1.586854e-12,1000000.0
-1.9824,1.578852e-12,1000000.0
-1.9812,1.579701e-12,1000000.0
-1.9800,1.591355e-12,1000000.0
-1.9788,1.577346e-12,1000000.0
-1.9776,1.580849e-12,1000000.0
-1.9764,1.610028e-12,1000000.0
-1.9752,1.617702e-12,1000000.0
-1.9740,1.629088e-12,1000000.0
-1.9728,1.605577e-12,1000000.0
-1.9716,1.627426e-12,1000000.0
-1.9704,1.607038e-12,1000000.0
-1.9692,1.636382e-12,1000000.0
-1.9680,1.619097e-12,1000000.0
-1.9668,1.644695e-12,1000000.0
-1.9656,1.644255e-12,1000000.0
-1.9644,1.640791e-12,1000000.0
-1.9632,1.636357e-12,1000000.0
-1.9620,1.663593e-12,1000000.0
-1.9608,1.659258e-12,1000000.0
-1.9596,1.670681e-12,1000000.0
-1.9584,1.690616e-12,1000000.0
-1.9572,1.673783e-12,1000000.0
-1.9560,1.685323e-12,1000000.0
-1.9548,1.684483e-12,1000000.0
-1.9536,1.685122e-12,1000000.0
-1.9524,1.681160e-12,1000000.0
-1.9512,1.683896e-12,1000000.0
-1.9500,1.698187e-12,1000000.0
-1.9488,1.727241e-12,1000000.0
-1.9476,1.726604e-12,1000000.0
-1.9464,1.718351e-12,1000000.0
-1.9452,1.714154e-12,1000000.0
-1.9440,1.730595e-12,1000000.0
-1.9428,1.718725e-12,1000000.0
-1.9416,1.745076e-12,1000000.0
-1.9404,1.747218e-12,1000000.0
-1.9392,1.749254e-12,1000000.0
-1.9380,1.741523e-12,1000000.0
-1.9368,1.756342e-12,1000000.0
-1.9356,1.765587e-12,1000000.0
-1.9344,1.756799e-12,1000000.0
-1.9332,1.761204e-12,1000000.0
-1.9320,1.758097e-12,1000000.0
-1.9308,1.792926e-12,1000000.0
-1.9296,1.769571e-12,1000000.0
-1.9284,1.791085e-12,1000000.0
-1.9272,1.784147e-12,1000000.0
-1.9260,1.812974e-12,1000000.0
-1.9248,1.806347e-12,1000000.0
-1.9236,1.789511e-12,1000000.0
-1.9224,1.790133e-12,1000000.0
-1.9212,1.821051e-12,1000000.0
-1.9200,1.812649e-12,1000000.0
-1.9188,1.788955e-12,1000000.0
-1.9176,1.827236e-12,1000000.0
-1.9164,1.823658e-12,1000000.0
-1.9152,1.828863e-12,1000000.0
-1.9140,1.820851e-12,1000000.0
-1.9128,1.830584e-12,1000000.0
-1.9116,1.833207e-12,1000000.0
-1.9104,1.846155e-12,1000000.0
-1.9092,1.847616e-12,1000000.0
-1.9080,1.825679e-12,1000000.0
-1.9068,1.852116e-12,1000000.0
-1.9056,1.839940e-12,1000000.0
-1.9044,1.855844e-12,1000000.0
-1.9032,1.848883e-12,1000000.0
-1.9020,1.868689e-12,1000000.0
-1.9008,1.850663e-12,1000000.0
-1.8996,1.858960e-12,1000000.0
-1.8984,1.875807e-12,1000000.0
-1.8972,1.884538e-12,1000000.0
-1.8960,1.872023e-12,1000000.0
-1.8948,1.884231e-12,1000000.0
-1.8936,1.885493e-12,1000000.0
-1.8924,1.880779e-12,1000000.0
-1.8912,1.866163e-12,1000000.0
-1.8900,1.910934e-12,1000000.0
-1.8888,1.901250e-12,1000000.0
-1.8876,1.893464e-12,1000000.0
-1.8864,1.904532e-12,1000000.0
-1.8852,1.910177e-12,1000000.0
-1.8840,1.905642e-12,1000000.0
-1.8828,1.900054e-12,1000000.0
-1.8816,1.916123e-12,1000000.0
-1.8804,1.917964e-12,1000000.0
-1.8792,1.907683e-12,1000000.0
-1.8780,1.929395e-12,1000000.0
-1.8768,1.915583e-12,1000000.0
-1.8756,1.947266e-12,1000000.0
-1.8744,1.923391e-12,1000000.0
-1.8732,1.906731e-12,1000000.0
-1.8720,1.926493e-12,1000000.0
-1.8708,1.938603e-12,1000000.0
-1.8696,1.946239e-12,1000000.0
-1.8684,1.941923e-12,1000000.0
-1.8672,1.928454e-12,1000000.0
-1.8660,1.922707e-12,1000000.0
-1.8648,1.938048e-12,1000000.0
-1.8636,1.940631e-12,1000000.0
-1.8624,1.960593e-12,1000000.0
-1.8612,1.932882e-12,1000000.0
-1.8600,1.948752e-12,1000000.0
-1.8588,1.955350e-12,1000000.0
-1.8576,1.959237e-12,1000000.0
-1.8564,1.943850e-12,1000000.0
-1.8552,1.941688e-12,1000000.0
-1.8540,1.960905e-12,1000000.0
-1.8528,1.960218e-12,1000000.0
-1.8516,1.964871e-12,1000000.0
-1.8504,1.950807e-12,1000000.0
-1.8492,1.954877e-12,1000000.0
-1.8480,1.968435e-12,1000000.0
-1.8468,1.981013e-12,1000000.0
-1.8456,1.961051e-12,1000000.0
-1.8444,1.976098e-12,1000000.0
-1.8432,1.978102e-12,1000000.0
-1.8420,1.982656e-12,1000000.0
-1.8408,1.980394e-12,1000000.0
-1.8396,1.969293e-12,1000000.0
-1.8384,1.988609e-12,1000000.0
-1.8372,1.979533e-12,1000000.0
-1.8360,1.994907e-12,1000000.0
-1.8348,1.963046e-12,1000000.0
-1.8336,2.008865e-12,1000000.0
-1.8324,1.981378e-12,1000000.0
-1.8312,1.986915e-12,1000000.0
-1.8300,1.983190e-12,1000000.0
-1.8288,1.979093e-12,1000000.0
-1.8276,1.994133e-12,1000000.0
-1.8264,1.977870e-12,1000000.0
-1.8252,2.004857e-12,1000000.0
-1.8240,2.002629e-12,1000000.0
-1.8228,1.984989e-12,1000000.0
-1.8216,2.003703e-12,1000000.0
-1.8204,1.990941e-12,1000000.0
-1.8192,1.982345e-12,1000000.0
-1.8180,1.998104e-12,1000000.0
-1.8168,1.990230e-12,1000000.0
-1.8156,2.002328e-12,1000000.0
-1.8144,2.006383e-12,1000000.0
-1.8132,2.006862e-12,1000000.0
-1.8120,1.992941e-12,1000000.0
-1.8108,1.996802e-12,1000000.0
-1.8096,1.977176e-12,1000000.0
-1.8084,2.020534e-12,1000000.0
-1.8072,2.008330e-12,1000000.0
-1.8060,1.983615e-12,1000000.0
-1.8048,1.978806e-12,1000000.0
-1.8036,1.976975e-12,1000000.0
-1.8024,1.994398e-12,1000000.0
-1.8012,1.992352e-12,1000000.0
-1.8000,1.995289e-12,1000000.0
-1.7988,1.984347e-12,1000000.0
-1.7976,2.010345e-12,1000000.0
-1.7964,2.004406e-12,1000000.0
-1.7952,1.992355e-12,1000000.0
-1.7940,1.995648e-12,1000000.0
-1.7928,1.992033e-12,1000000.0
-1.7916,2.003935e-12,1000000.0
-1.7904,1.984880e-12,1000000.0
-1.7892,1.993512e-12,1000000.0
-1.7880,1.997390e-12,1000000.0
-1.7868,1.998317e-12,1000000.0
-1.7856,1.976212e-12,1000000.0
-1.7844,1.988191e-12,1000000.0
-1.7832,1.995050e-12,1000000.0
-1.7820,1.998216e-12,1000000.0
-1.7808,1.988082e-12,1000000.0
-1.7796,1.982278e-12,1000000.0
-1.7784,1.990050e-12,1000000.0
-1.7772,2.003542e-12,1000000.0
-1.7760,1.983871e-12,1000000.0
-1.7748,1.985462e-12,1000000.0
-1.7736,1.980485e-12,1000000.0
-1.7724,1.987400e-12,1000000.0
-1.7712,1.986050e-12,1000000.0
-1.7700,1.985293e-12,1000000.0
-1.7688,1.986680e-12,1000000.0
-1.7676,1.973749e-12,1000000.0
-1.7664,1.966752e-12,1000000.0
-1.7652,1.985173e-12,1000000.0
-1.7640,1.996279e-12,1000000.0
-1.7628,1.966758e-12,1000000.0
-1.7616,1.994360e-12,1000000.0
-1.7604,1.977288e-12,1000000.0
-1.7592,1.964845e-12,1000000.0
-1.7580,1.972501e-12,1000000.0
-1.7568,1.948799e-12,1000000.0
-1.7556,1.976104e-12,1000000.0
-1.7544,1.972930e-12,1000000.0
-1.7532,1.956032e-12,1000000.0
-1.7520,1.972755e-12,1000000.0
-1.7508,1.978131e-12,1000000.0
-1.7496,1.972595e-12,1000000.0
-1.7484,1.968772e-12,1000000.0
-1.7472,1.962275e-12,1000000.0
-1.7460,1.942637e-12,1000000.0
-1.7448,1.952109e-12,1000000.0
-1.7436,1.962406e-12,1000000.0
-1.7424,1.939316e-12,1000000.0
-1.7412,1.940516e-12,1000000.0
-1.7400,1.949282e-12,1000000.0
-1.7388,1.939721e-12,1000000.0
-1.7376,1.940843e-12,1000000.0
-1.7364,1.936461e-12,1000000.0
-1.7352,1.951797e-12,1000000.0
-1.7340,1.914081e-12,1000000.0
-1.7328,1.947069e-12,1000000.0
-1.7316,1.937071e-12,1000000.0
-1.7304,1.934499e-12,1000000.0
-1.7292,1.942535e-12,1000000.0
-1.7280,1.932796e-12,1000000.0
-1.7268,1.919768e-12,1000000.0
-1.7256,1.928877e-12,1000000.0
-1.7244,1.927536e-12,1000000.0
-1.7232,1.929577e-12,1000000.0
-1.7220,1.917404e-12,1000000.0
-1.7208,1.922958e-12,1000000.0
-1.7196,1.901755e-12,1000000.0
-1.7184,1.912042e-12,1000000.0
-1.7172,1.911514e-12,1000000.0
-1.7160,1.907589e-12,1000000.0
-1.7148,1.886436e-12,1000000.0
-1.7136,1.901009e-12,1000000.0
-1.7124,1.910087e-12,1000000.0
-1.7112,1.891579e-12,1000000.0
-1.7100,1.874229e-12,1000000.0
-1.7088,1.883980e-12,1000000.0
-1.7076,1.890638e-12,1000000.0
-1.7064,1.885023e-12,1000000.0
-1.7052,1.876919e-12,1000000.0
-1.7040,1.880497e-12,1000000.0
-1.7028,1.867621e-12,1000000.0
-1.7016,1.872826e-12,1000000.0
-1.7004,1.877676e-12,1000000.0
-1.6992,1.882082e-12,1000000.0
-1.6980,1.854979e-12,1000000.0
-1.6968,1.856975e-12,1000000.0
-1.6956,1.859812e-12,1000000.0
-1.6944,1.835217e-12,1000000.0
-1.6932,1.855925e-12,1000000.0
-1.6920,1.841287e-12,1000000.0
-1.6908,1.837610e-12,1000000.0
-1.6896,1.842913e-12,1000000.0
-1.6884,1.832599e-12,1000000.0
-1.6872,1.824772e-12,1000000.0
-1.6860,1.837015e-12,1000000.0
-1.6848,1.804359e-12,1000000.0
-1.6836,1.816798e-12,1000000.0
-1.6824,1.807047e-12,1000000.0
-1.6812,1.810020e-12,1000000.0
-1.6800,1.800716e-12,1000000.0
-1.6788,1.823193e-12,1000000.0
-1.6776,1.809543e-12,1000000.0
-1.6764,1.802331e-12,1000000.0
-1.6752,1.786865e-12,1000000.0
-1.6740,1.777778e-12,1000000.0
-1.6728,1.781425e-12,1000000.0
-1.6716,1.772643e-12,1000000.0
-1.6704,1.782212e-12,1000000.0
-1.6692,1.765665e-12,1000000.0
-1.6680,1.782450e-12,1000000.0
-1.6668,1.767306e-12,1000000.0
-1.6656,1.771095e-12,1000000.0
-1.6644,1.762173e-12,1000000.0
-1.6632,1.760343e-12,1000000.0
-1.6620,1.756735e-12,1000000.0
-1.6608,1.739368e-12,1000000.0
-1.6596,1.729449e-12,1000000.0
-1.6584,1.738150e-12,1000000.0
-1.6572,1.744410e-12,1000000.0
-1.6560,1.737138e-12,1000000.0
-1.6548,1.726532e-12,1000000.0
-1.6536,1.718996e-12,1000000.0
-1.6524,1.710706e-12,1000000.0
-1.6512,1.697849e-12,1000000.0
-1.6500,1.707984e-12,1000000.0
-1.6488,1.704040e-12,1000000.0
-1.6476,1.685013e-12,1000000.0
-1.6464,1.689404e-12,1000000.0
-1.6452,1.684334e-12,1000000.0
-1.6440,1.689409e-12,1000000.0
-1.6428,1.692048e-12,1000000.0
-1.6416,1.672932e-12,1000000.0
-1.6404,1.676787e-12,1000000.0
-1.6392,1.673071e-12,1000000.0
-1.6380,1.675693e-12,1000000.0
-1.6368,1.652461e-12,1000000.0
-1.6356,1.656446e-12,1000000.0
-1.6344,1.668128e-12,1000000.0
-1.6332,1.635809e-12,1000000.0
-1.6320,1.622744e-12,1000000.0
-1.6308,1.639553e-12,1000000.0
-1.6296,1.619299e-12,1000000.0
-1.6284,1.628895e-12,1000000.0
-1.6272,1.630386e-12,1000000.0
-1.6260,1.612294e-12,1000000.0
-1.6248,1.620627e-12,1000000.0
-1.6236,1.596408e-12,1000000.0
-1.6224,1.600216e-12,1000000.0
-1.6212,1.601022e-12,1000000.0
-1.6200,1.597561e-12,1000000.0
-1.6188,1.587440e-12,1000000.0
-1.6176,1.569738e-12,1000000.0
-1.6164,1.574182e-12,1000000.0
-1.6152,1.557076e-12,1000000.0
-1.6140,1.556033e-12,1000000.0
-1.6128,1.561150e-12,1000000.0
-1.6116,1.525584e-12,1000000.0
-1.6104,1.564286e-12,1000000.0
-1.6092,1.550470e-12,1000000.0
-1.6080,1.539416e-12,1000000.0
-1.6068,1.543444e-12,1000000.0
-1.6056,1.538386e-12,1000000.0
-1.6044,1.493865e-12,1000000.0
-1.6032,1.521111e-12,1000000.0
-1.6020,1.519615e-12,1000000.0
-1.6008,1.507618e-12,1000000.0
-1.5996,1.473097e-12,1000000.0
-1.5984,1.487825e-12,1000000.0
-1.5972,1.501311e-12,1000000.0
-1.5960,1.461071e-12,1000000.0
-1.5948,1.483884e-12,1000000.0
-1.5936,1.472190e-12,1000000.0
-1.5924,1.449516e-12,1000000.0
-1.5912,1.444428e-12,1000000.0
-1.5900,1.454239e-12,1000000.0
-1.5888,1.441437e-12,1000000.0
-1.5876,1.436602e-12,1000000.0
-1.5864,1.452949e-12,1000000.0
-1.5852,1.422265e-12,1000000.0
-1.5840,1.419595e-12,1000000.0
-1.5828,1.426741e-12,1000000.0
-1.5816,1.425443e-12,1000000.0
-1.5804,1.392534e-12,1000000.0
-1.5792,1.391373e-12,1000000.0
-1.5780,1.403376e-12,1000000.0
-1.5768,1.380418e-12,1000000.0
-1.5756,1.385596e-12,1000000.0
-1.5744,1.371271e-12,1000000.0
-1.5732,1.377569e-12,1000000.0
-1.5720,1.342086e-12,1000000.0
-1.5708,1.375703e-12,1000000.0
-1.5696,1.359721e-12,1000000.0
-1.5684,1.341210e-12,1000000.0
-1.5672,1.359122e-12,1000000.0
-1.5660,1.329460e-12,1000000.0
-1.5648,1.333490e-12,1000000.0
-1.5636,1.334430e-12,1000000.0
-1.5624,1.336621e-12,1000000.0
-1.5612,1.314847e-12,1000000.0
-1.5600,1.313572e-12,1000000.0
-1.5588,1.293622e-12,1000000.0
-1.5576,1.292253e-12,1000000.0
-1.5564,1.299699e-12,1000000.0
-1.5552,1.283697e-12,1000000.0
-1.5540,1.299548e-12,1000000.0
-1.5528,1.273912e-12,1000000.0
-1.5516,1.264293e-12,1000000.0
-1.5504,1.265929e-12,1000000.0
-1.5492,1.256883e-12,1000000.0
-1.5480,1.250091e-12,1000000.0
-1.5468,1.250991e-12,1000000.0
-1.5456,1.234359e-12,1000000.0
-1.5444,1.243319e-12,1000000.0
-1.5432,1.216429e-12,1000000.0
-1.5420,1.193892e-12,1000000.0
-1.5408,1.204221e-12,1000000.0
-1.5396,1.220393e-12,1000000.0
-1.5384,1.189797e-12,1000000.0
-1.5372,1.189814e-12,1000000.0
-1.5360,1.177843e-12,1000000.0
-1.5348,1.189655e-12,1000000.0
-1.5336,1.159438e-12,1000000.0
-1.5324,1.166345e-12,1000000.0
-1.5312,1.161475e-12,1000000.0
-1.5300,1.165164e-12,1000000.0
-1.5288,1.155408e-12,1000000.0
-1.5276,1.155174e-12,1000000.0
-1.5264,1.143804e-12,1000000.0
-1.5252,1.129299e-12,1000000.0
-1.5240,1.130944e-12,1000000.0
-1.5228,1.118499e-12,1000000.0
-1.5216,1.098229e-12,1000000.0
-1.5204,1.091215e-12,1000000.0
-1.5192,1.093815e-12,1000000.0
-1.5180,1.097118e-12,1000000.0
-1.5168,1.102897e-12,1000000.0
-1.5156,1.087493e-12,1000000.0
-1.5144,1.075782e-12,1000000.0
-1.5132,1.075072e-12,1000000.0
-1.5120,1.073703e-12,1000000.0
-1.5108,1.074511e-12,1000000.0
-1.5096,1.042033e-12,1000000.0
-1.5084,1.049213e-12,1000000.0
-1.5072,1.055968e-12,1000000.0
-1.5060,1.033163e-12,1000000.0
-1.5048,1.019948e-12,1000000.0
-1.5036,1.034606e-12,1000000.0
-1.5024,1.036892e-12,1000000.0
-1.5012,1.027300e-12,1000000.0
-1.5000,1.002883e-12,1000000.0
-1.4988,9.982006e-13,1000000.0
-1.4976,9.798670e-13,1000000.0
-1.4964,9.855142e-13,1000000.0
-1.4952,9.683816e-13,1000000.0
-1.4940,1.001549e-12,1000000.0
-1.4928,9.733219e-13,1000000.0
-1.4916,9.532497e-13,1000000.0
-1.4904,9.349491e-13,1000000.0
-1.4892,9.556407e-13,1000000.0
-1.4880,9.449081e-13,1000000.0
-1.4868,9.426044e-13,1000000.0
-1.4856,9.195644e-13,1000000.0
-1.4844,9.094470e-13,1000000.0
-1.4832,9.120120e-13,1000000.0
-1.4820,9.148972e-13,1000000.0
-1.4808,9.090955e-13,1000000.0
-1.4796,8.904290e-13,1000000.0
-1.4784,8.807548e-13,1000000.0
-1.4772,8.835451e-13,1000000.0
-1.4760,8.828803e-13,1000000.0
-1.4748,8.671146e-13,1000000.0
-1.4736,8.660035e-13,1000000.0
-1.4724,8.718104e-13,1000000.0
-1.4712,8.450545e-13,1000000.0
-1.4700,8.244660e-13,1000000.0
-1.4688,8.291836e-13,1000000.0
-1.4676,8.082871e-13,1000000.0
-1.4664,8.276034e-13,1000000.0
-1.4652,8.151854e-13,1000000.0
-1.4640,8.131760e-13,1000000.0
-1.4628,8.038539e-13,1000000.0
-1.4616,8.083572e-13,1000000.0
-1.4604,7.882103e-13,1000000.0
-1.4592,7.967300e-13,1000000.0
-1.4580,7.783378e-13,1000000.0
-1.4568,7.514510e-13,1000000.0
-1.4556,7.610921e-13,1000000.0
-1.4544,7.522743e-13,1000000.0
-1.4532,7.472102e-13,1000000.0
-1.4520,7.375756e-13,1000000.0
-1.4508,7.250742e-13,1000000.0
-1.4496,7.392024e-13,1000000.0
-1.4484,7.570221e-13,1000000.0
-1.4472,7.147706e-13,1000000.0
-1.4460,7.237568e-13,1000000.0
-1.4448,7.198161e-13,1000000.0
-1.4436,7.253812e-13,1000000.0
-1.4424,7.032024e-13,1000000.0
-1.4412,6.924472e-13,1000000.0
-1.4400,6.852201e-13,1000000.0
-1.4388,6.835139e-13,1000000.0
-1.4376,6.951222e-13,1000000.0
-1.4364,6.781215e-13,1000000.0
-1.4352,6.617933e-13,1000000.0
-1.4340,6.585949e-13,1000000.0
-1.4328,6.542472e-13,1000000.0
-1.4316,6.530390e-13,1000000.0
-1.4304,6.315643e-13,1000000.0
-1.4292,6.350899e-13,1000000.0
-1.4280,6.334219e-13,1000000.0
-1.4268,6.316131e-13,1000000.0
-1.4256,6.173911e-13,1000000.0
-1.4244,6.171438e-13,1000000.0
-1.4232,5.974342e-13,1000000.0
-1.4220,5.731738e-13,1000000.0
-1.4208,5.921772e-13,1000000.0
-1.4196,6.011113e-13,1000000.0
-1.4184,5.907288e-13,1000000.0
-1.4172,5.733903e-13,1000000.0
-1.4160,5.708473e-13,1000000.0
-1.4148,5.661941e-13,1000000.0
-1.4136,5.692943e-13,1000000.0
-1.4124,5.404183e-13,1000000.0
-1.4112,5.597901e-13,1000000.0
-1.4100,5.424504e-13,1000000.0
-1.4088,5.429402e-13,1000000.0
-1.4076,5.408838e-13,1000000.0
-1.4064,5.406280e-13,1000000.0
-1.4052,5.296439e-13,1000000.0
-1.4040,5.127160e-13,1000000.0
-1.4028,5.315769e-13,1000000.0
-1.4016,5.137869e-13,1000000.0
-1.4004,5.267213e-13,1000000.0
-1.3992,4.804902e-13,1000000.0
-1.3980,4.952827e-13,1000000.0
-1.3968,4.879018e-13,1000000.0
-1.3956,4.647739e-13,1000000.0
-1.3944,4.728598e-13,1000000.0
-1.3932,4.749943e-13,1000000.0
-1.3920,4.712337e-13,1000000.0
-1.3908,4.709648e-13,1000000.0
-1.3896,4.400536e-13,1000000.0
-1.3884,4.435360e-13,1000000.0
-1.3872,4.494930e-13,1000000.0
-1.3860,4.422784e-13,1000000.0
-1.3848,4.245995e-13,1000000.0
-1.3836,4.312431e-13,1000000.0
-1.3824,4.258912e-13,1000000.0
-1.3812,4.193061e-13,1000000.0
-1.3800,4.006189e-13,1000000.0
-1.3788,4.156825e-13,1000000.0
-1.3776,3.988740e-13,1000000.0
-1.3764,3.972500e-13,1000000.0
-1.3752,3.883012e-13,1000000.0
-1.3740,3.797801e-13,1000000.0
-1.3728,3.799270e-13,1000000.0
-1.3716,3.769983e-13,1000000.0
-1.3704,3.736130e-13,1000000.0
-1.3692,3.642180e-13,1000000.0
-1.3680,3.660848e-13,1000000.0
-1.3668,3.457002e-13,1000000.0
-1.3656,3.435272e-13,1000000.0
-1.3644,3.465816e-13,1000000.0
-1.3632,3.486086e-13,1000000.0
-1.3620,3.427957e-13,1000000.0
-1.3608,3.482618e-13,1000000.0
-1.3596,3.216770e-13,1000000.0
-1.3584,3.141125e-13,1000000.0
-1.3572,3.280023e-13,1000000.0
-1.3560,2.856823e-13,1000000.0
-1.3548,3.206412e-13,1000000.0
-1.3536,2.990615e-13,1000000.0
-1.3524,2.987283e-13,1000000.0
-1.3512,2.897604e-13,1000000.0
-1.3500,2.900187e-13,1000000.0
-1.3488,2.823713e-13,1000000.0
-1.3476,2.713323e-13,1000000.0
-1.3464,2.622824e-13,1000000.0
-1.3452,2.688531e-13,1000000.0
-1.3440,2.648640e-13,1000000.0
-1.3428,2.547834e-13,1000000.0
-1.3416,2.682144e-13,1000000.0
-1.3404,2.750761e-13,1000000.0
-1.3392,2.565289e-13,1000000.0
-1.3380,2.475900e-13,1000000.0
-1.3368,2.336959e-13,1000000.0
-1.3356,2.335438e-13,1000000.0
-1.3344,2.296533e-13,1000000.0
-1.3332,2.272772e-13,1000000.0
-1.3320,2.127325e-13,1000000.0
-1.3308,2.198438e-13,1000000.0
-1.3296,2.188405e-13,1000000.0
-1.3284,2.364802e-13,1000000.0
-1.3272,2.220164e-13,1000000.0
-1.3260,2.032916e-13,1000000.0
-1.3248,2.026571e-13,1000000.0
-1.3236,1.999739e-13,1000000.0
-1.3224,1.986695e-13,1000000.0
-1.3212,1.902869e-13,1000000.0
-1.3200,1.871691e-13,1000000.0
-1.3188,1.775025e-13,1000000.0
-1.3176,1.817718e-13,1000000.0
-1.3164,1.691841e-13,1000000.0
-1.3152,1.896414e-13,1000000.0
-1.3140,1.613816e-13,1000000.0
-1.3128,1.702925e-13,1000000.0
-1.3116,1.629720e-13,1000000.0
-1.3104,1.671662e-13,1000000.0
-1.3092,1.425142e-13,1000000.0
-1.3080,1.422238e-13,1000000.0
-1.3068,1.654227e-13,1000000.0
-1.3056,1.419741e-13,1000000.0
-1.3044,1.393455e-13,1000000.0
-1.3032,1.540076e-13,1000000.0
-1.3020,1.352032e-13,1000000.0
-1.3008,1.457431e-13,1000000.0
-1.2996,1.435607e-13,1000000.0
-1.2984,1.316762e-13,1000000.0
-1.2972,1.053624e-13,1000000.0
-1.2960,1.161896e-13,1000000.0
-1.2948,1.122563e-13,1000000.0
-1.2936,9.518993e-14,1000000.0
-1.2924,1.146194e-13,1000000.0
-1.2912,1.121290e-13,1000000.0
-1.2900,1.244748e-13,1000000.0
-1.2888,1.111209e-13,1000000.0
-1.2876,1.147500e-13,1000000.0
-1.2864,1.178955e-13,1000000.0
-1.2852,9.341238e-14,1000000.0
-1.2840,1.119678e-13,1000000.0
-1.2828,7.627324e-14,1000000.0
-1.2816,8.596966e-14,1000000.0
-1.2804,7.483766e-14,1000000.0
-1.2792,7.482166e-14,1000000.0
-1.2780,7.831671e-14,1000000.0
-1.2768,6.467050e-14,1000000.0
-1.2756,7.878777e-14,1000000.0
-1.2744,8.713797e-14,1000000.0
-1.2732,7.007314e-14,1000000.0
-1.2720,6.857816e-14,1000000.0
-1.2708,8.152267e-14,1000000.0
-1.2696,6.837011e-14,1000000.0
-1.2684,6.154941e-14,1000000.0
-1.2672,2.701197e-14,1000000.0
-1.2660,6.318272e-14,1000000.0
-1.2648,4.910723e-14,1000000.0
-1.2636,4.859091e-14,1000000.0
-1.2624,5.109883e-14,1000000.0
-1.2612,4.957583e-14,1000000.0
-1.2600,4.449721e-14,1000000.0
-1.2588,2.851625e-14,1000000.0
-1.2576,3.414963e-14,1000000.0
-1.2564,4.229942e-14,1000000.0
-1.2552,3.186121e-14,1000000.0
-1.2540,4.576707e-14,1000000.0
-1.2528,2.113393e-14,1000000.0
-1.2516,4.001811e-14,1000000.0
-1.2504,4.146722e-14,1000000.0
-1.2492,4.796710e-14,1000000.0
-1.2480,4.415642e-14,1000000.0
-1.2468,3.099914e-14,1000000.0
-1.2456,3.352419e-14,1000000.0
-1.2444,2.593368e-14,1000000.0
-1.2432,1.951098e-14,1000000.0
-1.2420,2.290838e-14,1000000.0
-1.2408,1.915099e-14,1000000.0
-1.2396,7.883359e-15,1000000.0
-1.2384,2.771397e-14,1000000.0
-1.2372,1.955355e-14,1000000.0
-1.2360,3.453019e-15,1000000.0
-1.2348,1.038347e-14,1000000.0
-1.2336,5.945449e-15,1000000.0
-1.2324,7.042432e-15,1000000.0
-1.2312,1.713552e-14,1000000.0
-1.2300,6.326419e-15,1000000.0
-1.2288,6.749924e-15,1000000.0
-1.2276,1.459092e-14,1000000.0
-1.2264,1.101101e-14,1000000.0
-1.2252,1.129587e-15,1000000.0
-1.2240,1.705910e-14,1000000.0
-1.2228,7.998059e-15,1000000.0
-1.2216,2.200402e-14,1000000.0
-1.2204,1.310976e-14,1000000.0
-1.2192,1.057652e-14,1000000.0
-1.2180,-9.622928e-15,1000000.0
-1.2168,-7.685122e-15,1000000.0
-1.2156,1.063637e-14,1000000.0
-1.2144,1.086733e-14,1000000.0
-1.2132,8.947095e-16,1000000.0
-1.2120,1.918007e-15,1000000.0
-1.2108,9.003040e-16,1000000.0
-1.2096,-1.066760e-14,1000000.0
-1.2084,7.936003e-15,1000000.0
-1.2072,-2.031505e-15,1000000.0
-1.2060,-2.100689e-15,1000000.0
-1.2048,5.776914e-15,1000000.0
-1.2036,-6.848174e-15,1000000.0
-1.2024,-5.030571e-15,1000000.0
-1.2012,-7.918830e-15,1000000.0
-1.2000,4.547933e-15,1000000.0
-1.1988,3.245621e-15,1000000.0
-1.1976,-1.455716e-14,1000000.0
-1.1964,7.359501e-15,1000000.0
-1.1952,-5.644961e-15,1000000.0
-1.1940,-7.359101e-15,1000000.0
-1.1928,7.352315e-16,1000000.0
-1.1916,-1.087279e-14,1000000.0
-1.1904,8.353626e-15,1000000.0
-1.1892,2.021251e-14,1000000.0
-1.1880,4.880052e-15,1000000.0
-1.1868,9.317852e-15,1000000.0
-1.1856,-1.918764e-15,1000000.0
-1.1844,1.649684e-15,1000000.0
-1.1832,3.436522e-15,1000000.0
-1.1820,-3.109947e-15,1000000.0
-1.1808,5.543514e-15,1000000.0
-1.1796,5.832485e-16,1000000.0
-1.1784,1.227003e-14,1000000.0
-1.1772,2.039073e-15,1000000.0
-1.1760,-5.840102e-15,1000000.0
-1.1748,2.758461e-14,1000000.0
-1.1736,2.504961e-14,1000000.0
-1.1724,1.840412e-14,1000000.0
-1.1712,6.215818e-15,1000000.0
-1.1700,2.632844e-14,1000000.0
-1.1688,2.301507e-15,1000000.0
-1.1676,1.646136e-14,1000000.0
-1.1664,2.228395e-14,1000000.0
-1.1652,1.882871e-14,1000000.0
-1.1640,7.157747e-15,1000000.0
-1.1628,6.286729e-15,1000000.0
-1.1616,3.072738e-14,1000000.0
-1.1604,1.375672e-14,1000000.0
-1.1592,2.697600e-14,1000000.0
-1.1580,1.232872e-14,1000000.0
-1.1568,2.749954e-14,1000000.0
-1.1556,3.534979e-14,1000000.0
-1.1544,4.003546e-14,1000000.0
-1.1532,4.039795e-14,1000000.0
-1.1520,2.550887e-14,1000000.0
-1.1508,4.408720e-14,1000000.0
-1.1496,2.831549e-14,1000000.0
-1.1484,2.869478e-14,1000000.0
-1.1472,3.165209e-14,1000000.0
-1.1460,4.525375e-14,1000000.0
-1.1448,3.901388e-14,1000000.0
-1.1436,3.631286e-14,1000000.0
-1.1424,6.961028e-14,1000000.0
-1.1412,4.663808e-14,1000000.0
-1.1400,5.168536e-14,1000000.0
-1.1388,4.320714e-14,1000000.0
-1.1376,3.661884e-14,1000000.0
-1.1364,5.417620e-14,1000000.0
-1.1352,5.063135e-14,1000000.0
-1.1340,4.228548e-14,1000000.0
-1.1328,6.661524e-14,1000000.0
-1.1316,6.247754e-14,1000000.0
-1.1304,5.716146e-14,1000000.0
-1.1292,5.758479e-14,1000000.0
-1.1280,6.586040e-14,1000000.0
-1.1268,7.494926e-14,1000000.0
-1.1256,7.100594e-14,1000000.0
-1.1244,7.019437e-14,1000000.0
-1.1232,6.628297e-14,1000000.0
-1.1220,8.212493e-14,1000000.0
-1.1208,1.047437e-13,1000000.0
-1.1196,8.393896e-14,1000000.0
-1.1184,8.786617e-14,1000000.0
-1.1172,1.043932e-13,1000000.0
-1.1160,8.349496e-14,1000000.0
-1.1148,1.112157e-13,1000000.0
-1.1136,1.049041e-13,1000000.0
-1.1124,9.894905e-14,1000000.0
-1.1112,1.226753e-13,1000000.0
-1.1100,1.167877e-13,1000000.0
-1.1088,1.100080e-13,1000000.0
-1.1076,9.999291e-14,1000000.0
-1.1064,1.018420e-13,1000000.0
-1.1052,1.272931e-13,1000000.0
-1.1040,1.238383e-13,1000000.0
-1.1028,1.424218e-13,1000000.0
-1.1016,1.371269e-13,1000000.0
-1.1004,1.406609e-13,1000000.0
-1.0992,1.359157e-13,1000000.0
-1.0980,1.408778e-13,1000000.0
-1.0968,1.278150e-13,1000000.0
-1.0956,1.619548e-13,1000000.0
-1.0944,1.380387e-13,1000000.0
-1.0932,1.371622e-13,1000000.0
-1.0920,1.728330e-13,1000000.0
-1.0908,1.335636e-13,1000000.0
-1.0896,1.520384e-13,1000000.0
-1.0884,1.677283e-13,1000000.0
-1.0872,1.751200e-13,1000000.0
-1.0860,1.799863e-13,1000000.0
-1.0848,1.831005e-13,1000000.0
-1.0836,1.529790e-13,1000000.0
-1.0824,1.962031e-13,1000000.0
-1.0812,1.978616e-13,1000000.0
-1.0800,1.841571e-13,1000000.0
-1.0788,1.837428e-13,1000000.0
-1.0776,1.859245e-13,1000000.0
-1.0764,1.985302e-13,1000000.0
-1.0752,2.100889e-13,1000000.0
-1.0740,2.059362e-13,1000000.0
-1.0728,2.112280e-13,1000000.0
-1.0716,2.206513e-13,1000000.0
-1.0704,2.329419e-13,1000000.0
-1.0692,2.184759e-13,1000000.0
-1.0680,2.380196e-13,1000000.0
-1.0668,2.629902e-13,1000000.0
-1.0656,2.351629e-13,1000000.0
-1.0644,2.442448e-13,1000000.0
-1.0632,2.460821e-13,1000000.0
-1.0620,2.587528e-13,1000000.0
-1.0608,2.628954e-13,1000000.0
-1.0596,2.471398e-13,1000000.0
-1.0584,2.712669e-13,1000000.0
-1.0572,2.530514e-13,1000000.0
-1.0560,2.601960e-13,1000000.0
-1.0548,2.888797e-13,1000000.0
-1.0536,2.585209e-13,1000000.0
-1.0524,2.660221e-13,1000000.0
-1.0512,2.765520e-13,1000000.0
-1.0500,2.930235e-13,1000000.0
-1.0488,3.003769e-13,1000000.0
-1.0476,3.144340e-13,1000000.0
-1.0464,3.156258e-13,1000000.0
-1.0452,3.174211e-13,1000000.0
-1.0440,3.075075e-13,1000000.0
-1.0428,3.165041e-13,1000000.0
-1.0416,3.341470e-13,1000000.0
-1.0404,3.308159e-13,1000000.0
-1.0392,3.226851e-13,1000000.0
-1.0380,3.443351e-13,1000000.0
-1.0368,3.525928e-13,1000000.0
-1.0356,3.579897e-13,1000000.0
-1.0344,3.306035e-13,1000000.0
-1.0332,3.511134e-13,1000000.0
-1.0320,3.652046e-13,1000000.0
-1.0308,3.647513e-13,1000000.0
-1.0296,3.606912e-13,1000000.0
-1.0284,3.844183e-13,1000000.0
-1.0272,3.889913e-13,1000000.0
-1.0260,3.912095e-13,1000000.0
-1.0248,4.082033e-13,1000000.0
-1.0236,4.012367e-13,1000000.0
-1.0224,4.126542e-13,1000000.0
-1.0212,4.104529e-13,1000000.0
-1.0200,4.205052e-13,1000000.0
-1.0188,4.146732e-13,1000000.0
-1.0176,4.246142e-13,1000000.0
-1.0164,4.307660e-13,1000000.0
-1.0152,4.292473e-13,1000000.0
-1.0140,4.463352e-13,1000000.0
-1.0128,4.434981e-13,1000000.0
-1.0116,4.385988e-13,1000000.0
-1.0104,4.658538e-13,1000000.0
-1.0092,4.726095e-13,1000000.0
-1.0080,4.704777e-13,1000000.0
-1.0068,4.649987e-13,1000000.0
-1.0056,4.810305e-13,1000000.0
-1.0044,4.789283e-13,1000000.0
-1.0032,4.918364e-13,1000000.0
-1.0020,4.956477e-13,1000000.0
-1.0008,4.969883e-13,1000000.0
-0.9996,4.848132e-13,1000000.0
-0.9984,5.134194e-13,1000000.0
-0.9972,5.235090e-13,1000000.0
-0.9960,5.156004e-13,1000000.0
-0.9948,5.223684e-13,1000000.0
-0.9936,5.288764e-13,1000000.0
-0.9924,5.288710e-13,1000000.0
-0.9912,5.385380e-13,1000000.0
-0.9900,5.435475e-13,1000000.0
-0.9888,5.592698e-13,1000000.0
-0.9876,5.629713e-13,1000000.0
-0.9864,5.554803e-13,1000000.0
-0.9852,5.676288e-13,1000000.0
-0.9840,5.661576e-13,1000000.0
-0.9828,5.636905e-13,1000000.0
-0.9816,5.648017e-13,1000000.0
-0.9804,5.966819e-13,1000000.0
-0.9792,5.968698e-13,1000000.0
-0.9780,5.858011e-13,1000000.0
-0.9768,5.997983e-13,1000000.0
-0.9756,6.139585e-13,1000000.0
-0.9744,6.244606e-13,1000000.0
-0.9732,6.491201e-13,1000000.0
-0.9720,6.367658e-13,1000000.0
-0.9708,6.351113e-13,1000000.0
-0.9696,6.345103e-13,1000000.0
-0.9684,6.499261e-13,1000000.0
-0.9672,6.664751e-13,1000000.0
-0.9660,6.772180e-13,1000000.0
-0.9648,6.666090e-13,1000000.0
-0.9636,6.723083e-13,1000000.0
-0.9624,6.852577e-13,1000000.0
-0.9612,6.902149e-13,1000000.0
-0.9600,6.864122e-13,1000000.0
-0.9588,6.810139e-13,1000000.0
-0.9576,7.141211e-13,1000000.0
-0.9564,7.132529e-13,1000000.0
-0.9552,7.180066e-13,1000000.0
-0.9540,7.203329e-13,1000000.0
-0.9528,7.258314e-13,1000000.0
-0.9516,7.202653e-13,1000000.0
-0.9504,7.594835e-13,1000000.0
-0.9492,7.330612e-13,1000000.0
-0.9480,7.516704e-13,1000000.0
-0.9468,7.473521e-13,1000000.0
-0.9456,7.562926e-13,1000000.0
-0.9444,7.703156e-13,1000000.0
-0.9432,7.677103e-13,1000000.0
-0.9420,7.831104e-13,1000000.0
-0.9408,7.811958e-13,1000000.0
-0.9396,7.724640e-13,1000000.0
-0.9384,7.912499e-13,1000000.0
-0.9372,8.079996e-13,1000000.0
-0.9360,8.062529e-13,1000000.0
-0.9348,8.187258e-13,1000000.0
-0.9336,8.370656e-13,1000000.0
-0.9324,8.448235e-13,1000000.0
-0.9312,8.323098e-13,1000000.0
-0.9300,8.601983e-13,1000000.0
-0.9288,8.348846e-13,1000000.0
-0.9276,8.717896e-13,1000000.0
-0.9264,8.735371e-13,1000000.0
-0.9252,8.686344e-13,1000000.0
-0.9240,8.775221e-13,1000000.0
-0.9228,8.593213e-13,1000000.0
-0.9216,8.690394e-13,1000000.0
-0.9204,8.892584e-13,1000000.0
-0.9192,8.988964e-13,1000000.0
-0.9180,9.096259e-13,1000000.0
-0.9168,9.030589e-13,1000000.0
-0.9156,9.262598e-13,1000000.0
-0.9144,9.300216e-13,1000000.0
-0.9132,9.493777e-13,1000000.0
-0.9120,9.237153e-13,1000000.0
-0.9108,9.201416e-13,1000000.0
-0.9096,9.555624e-13,1000000.0
-0.9084,9.648020e-13,1000000.0
-0.9072,9.809899e-13,1000000.0
-0.9060,9.826924e-13,1000000.0
-0.9048,9.704760e-13,1000000.0
-0.9036,9.831400e-13,1000000.0
-0.9024,9.806752e-13,1000000.0
-0.9012,9.851761e-13,1000000.0
-0.9000,9.780037e-13,1000000.0
-0.8988,1.003179e-12,1000000.0
-0.8976,1.016578e-12,1000000.0
-0.8964,1.021159e-12,1000000.0
-0.8952,1.022228e-12,1000000.0
-0.8940,1.025709e-12,1000000.0
-0.8928,1.046651e-12,1000000.0
-0.8916,1.060265e-12,1000000.0
-0.8904,1.062246e-12,1000000.0
-0.8892,1.090689e-12,1000000.0
-0.8880,1.048623e-12,1000000.0
-0.8868,1.073194e-12,1000000.0
-0.8856,1.069532e-12,1000000.0
-0.8844,1.096433e-12,1000000.0
-0.8832,1.094233e-12,1000000.0
-0.8820,1.092015e-12,1000000.0
-0.8808,1.097891e-12,1000000.0
-0.8796,1.109415e-12,1000000.0
-0.8784,1.111787e-12,1000000.0
-0.8772,1.112561e-12,1000000.0
-0.8760,1.122051e-12,1000000.0
-0.8748,1.134071e-12,1000000.0
-0.8736,1.152679e-12,1000000.0
-0.8724,1.153427e-12,1000000.0
-0.8712,1.169977e-12,1000000.0
-0.8700,1.148575e-12,1000000.0
-0.8688,1.169671e-12,1000000.0
-0.8676,1.172221e-12,1000000.0
-0.8664,1.167401e-12,1000000.0
-0.8652,1.181801e-12,1000000.0
-0.8640,1.172802e-12,1000000.0
-0.8628,1.191872e-12,1000000.0
-0.8616,1.193449e-12,1000000.0
-0.8604,1.204063e-12,1000000.0
-0.8592,1.213351e-12,1000000.0
-0.8580,1.225392e-12,1000000.0
-0.8568,1.222731e-12,1000000.0
-0.8556,1.234026e-12,1000000.0
-0.8544,1.244075e-12,1000000.0
-0.8532,1.232871e-12,1000000.0
-0.8520,1.240041e-12,1000000.0
-0.8508,1.251767e-12,1000000.0
-0.8496,1.262339e-12,1000000.0
-0.8484,1.269647e-12,1000000.0
-0.8472,1.278121e-12,1000000.0
-0.8460,1.265764e-12,1000000.0
-0.8448,1.290939e-12,1000000.0
-0.8436,1.286712e-12,1000000.0
-0.8424,1.307034e-12,1000000.0
-0.8412,1.303258e-12,1000000.0
-0.8400,1.299136e-12,1000000.0
-0.8388,1.321827e-12,1000000.0
-0.8376,1.324985e-12,1000000.0
-0.8364,1.317894e-12,1000000.0
-0.8352,1.324752e-12,1000000.0
-0.8340,1.354863e-12,1000000.0
-0.8328,1.344786e-12,1000000.0
-0.8316,1.355632e-12,1000000.0
-0.8304,1.366962e-12,1000000.0
-0.8292,1.366366e-12,1000000.0
-0.8280,1.359619e-12,1000000.0
-0.8268,1.386179e-12,1000000.0
-0.8256,1.392873e-12,1000000.0
-0.8244,1.394009e-12,1000000.0
-0.8232,1.395428e-12,1000000.0
-0.8220,1.393523e-12,1000000.0
-0.8208,1.404449e-12,1000000.0
-0.8196,1.414651e-12,1000000.0
-0.8184,1.406736e-12,1000000.0
-0.8172,1.422334e-12,1000000.0
-0.8160,1.420686e-12,1000000.0
-0.8148,1.443404e-12,1000000.0
-0.8136,1.443941e-12,1000000.0
-0.8124,1.444745e-12,1000000.0
-0.8112,1.437075e-12,1000000.0
-0.8100,1.448555e-12,1000000.0
-0.8088,1.461401e-12,1000000.0
-0.8076,1.473818e-12,1000000.0
-0.8064,1.470827e-12,1000000.0
-0.8052,1.470142e-12,1000000.0
-0.8040,1.489040e-12,1000000.0
-0.8028,1.469983e-12,1000000.0
-0.8016,1.483344e-12,1000000.0
-0.8004,1.475059e-12,1000000.0
-0.7992,1.509312e-12,1000000.0
-0.7980,1.523417e-12,1000000.0
-0.7968,1.483698e-12,1000000.0
-0.7956,1.520556e-12,1000000.0
-0.7944,1.530771e-12,1000000.0
-0.7932,1.526517e-12,1000000.0
-0.7920,1.531026e-12,1000000.0
-0.7908,1.535815e-12,1000000.0
-0.7896,1.529389e-12,1000000.0
-0.7884,1.554432e-12,1000000.0
-0.7872,1.541006e-12,1000000.0
-0.7860,1.563643e-12,1000000.0
-0.7848,1.560481e-12,1000000.0
-0.7836,1.535557e-12,1000000.0
-0.7824,1.580516e-12,1000000.0
-0.7812,1.579227e-12,1000000.0
-0.7800,1.588282e-12,1000000.0
-0.7788,1.584744e-12,1000000.0
-0.7776,1.597628e-12,1000000.0
-0.7764,1.621696e-12,1000000.0
-0.7752,1.618700e-12,1000000.0
-0.7740,1.604674e-12,1000000.0
-0.7728,1.617217e-12,1000000.0
-0.7716,1.616428e-12,1000000.0
-0.7704,1.630687e-12,1000000.0
-0.7692,1.639346e-12,1000000.0
-0.7680,1.626869e-12,1000000.0
-0.7668,1.664714e-12,1000000.0
-0.7656,1.645755e-12,1000000.0
-0.7644,1.641414e-12,1000000.0
-0.7632,1.640624e-12,1000000.0
-0.7620,1.655491e-12,1000000.0
-0.7608,1.666167e-12,1000000.0
-0.7596,1.668622e-12,1000000.0
-0.7584,1.683712e-12,1000000.0
-0.7572,1.684702e-12,1000000.0
-0.7560,1.694195e-12,1000000.0
-0.7548,1.690603e-12,1000000.0
-0.7536,1.690637e-12,1000000.0
-0.7524,1.693011e-12,1000000.0
-0.7512,1.714054e-12,1000000.0
-0.7500,1.707818e-12,1000000.0
-0.7488,1.698933e-12,1000000.0
-0.7476,1.726038e-12,1000000.0
-0.7464,1.717110e-12,1000000.0
-0.7452,1.724462e-12,1000000.0
-0.7440,1.731299e-12,1000000.0
-0.7428,1.724112e-12,1000000.0
-0.7416,1.726972e-12,1000000.0
-0.7404,1.738346e-12,1000000.0
-0.7392,1.748737e-12,1000000.0
-0.7380,1.754834e-12,1000000.0
-0.7368,1.759010e-12,1000000.0
-0.7356,1.779390e-12,1000000.0
-0.7344,1.757941e-12,1000000.0
-0.7332,1.753626e-12,1000000.0
-0.7320,1.764043e-12,1000000.0
-0.7308,1.774085e-12,1000000.0
-0.7296,1.778078e-12,1000000.0
-0.7284,1.783953e-12,1000000.0
-0.7272,1.784493e-12,1000000.0
-0.7260,1.770462e-12,1000000.0
-0.7248,1.794263e-12,1000000.0
-0.7236,1.806202e-12,1000000.0
-0.7224,1.806415e-12,1000000.0
-0.7212,1.809625e-12,1000000.0
-0.7200,1.796021e-12,1000000.0
-0.7188,1.796735e-12,1000000.0
-0.7176,1.817295e-12,1000000.0
-0.7164,1.821707e-12,1000000.0
-0.7152,1.825205e-12,1000000.0
-0.7140,1.841935e-12,1000000.0
-0.7128,1.834511e-12,1000000.0
-0.7116,1.830200e-12,1000000.0
-0.7104,1.842645e-12,1000000.0
-0.7092,1.852834e-12,1000000.0
-0.7080,1.830671e-12,1000000.0
-0.7068,1.853523e-12,1000000.0
-0.7056,1.871867e-12,1000000.0
-0.7044,1.868568e-12,1000000.0
-0.7032,1.861433e-12,1000000.0
-0.7020,1.861395e-12,1000000.0
-0.7008,1.869492e-12,1000000.0
-0.6996,1.854471e-12,1000000.0
-0.6984,1.860608e-12,1000000.0
-0.6972,1.879177e-12,1000000.0
-0.6960,1.868389e-12,1000000.0
-0.6948,1.855526e-12,1000000.0
-0.6936,1.882511e-12,1000000.0
-0.6924,1.895156e-12,1000000.0
-0.6912,1.894359e-12,1000000.0
-0.6900,1.891130e-12,1000000.0
-0.6888,1.893494e-12,1000000.0
-0.6876,1.901192e-12,1000000.0
-0.6864,1.898913e-12,1000000.0
-0.6852,1.912047e-12,1000000.0
-0.6840,1.892499e-12,1000000.0
-0.6828,1.914818e-12,1000000.0
-0.6816,1.893605e-12,1000000.0
-0.6804,1.932879e-12,1000000.0
-0.6792,1.912366e-12,1000000.0
-0.6780,1.922927e-12,1000000.0
-0.6768,1.903206e-12,1000000.0
-0.6756,1.921560e-12,1000000.0
-0.6744,1.925866e-12,1000000.0
-0.6732,1.911187e-12,1000000.0
-0.6720,1.933930e-12,1000000.0
-0.6708,1.941872e-12,1000000.0
-0.6696,1.922402e-12,1000000.0
-0.6684,1.937892e-12,1000000.0
-0.6672,1.941012e-12,1000000.0
-0.6660,1.943654e-12,1000000.0
-0.6648,1.939563e-12,1000000.0
-0.6636,1.927051e-12,1000000.0
-0.6624,1.970187e-12,1000000.0
-0.6612,1.953511e-12,1000000.0
-0.6600,1.944737e-12,1000000.0
-0.6588,1.952025e-12,1000000.0
-0.6576,1.944795e-12,1000000.0
-0.6564,1.934468e-12,1000000.0
-0.6552,1.964710e-12,1000000.0
-0.6540,1.960431e-12,1000000.0
-0.6528,1.944406e-12,1000000.0
-0.6516,1.960634e-12,1000000.0
-0.6504,1.956137e-12,1000000.0
-0.6492,1.971269e-12,1000000.0
-0.6480,1.972483e-12,1000000.0
-0.6468,1.947188e-12,1000000.0
-0.6456,1.952122e-12,1000000.0
-0.6444,1.969696e-12,1000000.0
-0.6432,1.984053e-12,1000000.0
-0.6420,1.972290e-12,1000000.0
-0.6408,1.987574e-12,1000000.0
-0.6396,1.978139e-12,1000000.0
-0.6384,1.982960e-12,1000000.0
-0.6372,1.988527e-12,1000000.0
-0.6360,1.972135e-12,1000000.0
-0.6348,1.978112e-12,1000000.0
-0.6336,1.968159e-12,1000000.0
-0.6324,1.981606e-12,1000000.0
-0.6312,1.983177e-12,1000000.0
-0.6300,1.975171e-12,1000000.0
-0.6288,1.993725e-12,1000000.0
-0.6276,2.000674e-12,1000000.0
-0.6264,1.994378e-12,1000000.0
-0.6252,1.976957e-12,1000000.0
-0.6240,2.000232e-12,1000000.0
-0.6228,1.991447e-12,1000000.0
-0.6216,1.997372e-12,1000000.0
-0.6204,1.993440e-12,1000000.0
-0.6192,2.012632e-12,1000000.0
-0.6180,1.978896e-12,1000000.0
-0.6168,2.001404e-12,1000000.0
-0.6156,1.989966e-12,1000000.0
-0.6144,1.985038e-12,1000000.0
-0.6132,1.995660e-12,1000000.0
-0.6120,1.992609e-12,1000000.0
-0.6108,1.990026e-12,1000000.0
-0.6096,1.992541e-12,1000000.0
-0.6084,1.997905e-12,1000000.0
-0.6072,2.003731e-12,1000000.0
-0.6060,2.003097e-12,1000000.0
-0.6048,1.999399e-12,1000000.0
-0.6036,1.994398e-12,1000000.0
-0.6024,2.008843e-12,1000000.0
-0.6012,1.982564e-12,1000000.0
-0.6000,2.003102e-12,1000000.0
-0.5988,1.984051e-12,1000000.0
-0.5976,2.016864e-12,1000000.0
-0.5964,1.991666e-12,1000000.0
-0.5952,2.009015e-12,1000000.0
-0.5940,2.003507e-12,1000000.0
-0.5928,2.002838e-12,1000000.0
-0.5916,2.019131e-12,1000000.0
-0.5904,2.009675e-12,1000000.0
-0.5892,1.989435e-12,1000000.0
-0.5880,2.007206e-12,1000000.0
-0.5868,1.983084e-12,1000000.0
-0.5856,1.978564e-12,1000000.0
-0.5844,1.993752e-12,1000000.0
-0.5832,2.002311e-12,1000000.0
-0.5820,1.995659e-12,1000000.0
-0.5808,1.986211e-12,1000000.0
-0.5796,1.993098e-12,1000000.0
-0.5784,1.983621e-12,1000000.0
-0.5772,1.987149e-12,1000000.0
-0.5760,1.999563e-12,1000000.0
-0.5748,2.007104e-12,1000000.0
-0.5736,2.001074e-12,1000000.0
-0.5724,2.002196e-12,1000000.0
-0.5712,1.987330e-12,1000000.0
-0.5700,1.982646e-12,1000000.0
-0.5688,1.989554e-12,1000000.0
-0.5676,1.991649e-12,1000000.0
-0.5664,1.962620e-12,1000000.0
-0.5652,1.981027e-12,1000000.0
-0.5640,1.992510e-12,1000000.0
-0.5628,1.963492e-12,1000000.0
-0.5616,1.988749e-12,1000000.0
-0.5604,1.993583e-12,1000000.0
-0.5592,1.994837e-12,1000000.0
-0.5580,1.990244e-12,1000000.0
-0.5568,1.975623e-12,1000000.0
-0.5556,1.973878e-12,1000000.0
-0.5544,1.968810e-12,1000000.0
-0.5532,1.981247e-12,1000000.0
-0.5520,1.976403e-12,1000000.0
-0.5508,1.972548e-12,1000000.0
-0.5496,1.962379e-12,1000000.0
-0.5484,1.967194e-12,1000000.0
-0.5472,1.969780e-12,1000000.0
-0.5460,1.961365e-12,1000000.0
-0.5448,1.960651e-12,1000000.0
-0.5436,1.954370e-12,1000000.0
-0.5424,1.945623e-12,1000000.0
-0.5412,1.942672e-12,1000000.0
-0.5400,1.951258e-12,1000000.0
-0.5388,1.940866e-12,1000000.0
-0.5376,1.964861e-12,1000000.0
-0.5364,1.932498e-12,1000000.0
-0.5352,1.961354e-12,1000000.0
-0.5340,1.936497e-12,1000000.0
-0.5328,1.916995e-12,1000000.0
-0.5316,1.944079e-12,1000000.0
-0.5304,1.930667e-12,1000000.0
-0.5292,1.935750e-12,1000000.0
-0.5280,1.933592e-12,1000000.0
-0.5268,1.918578e-12,1000000.0
-0.5256,1.929149e-12,1000000.0
-0.5244,1.919683e-12,1000000.0
-0.5232,1.915885e-12,1000000.0
-0.5220,1.907704e-12,1000000.0
-0.5208,1.903583e-12,1000000.0
-0.5196,1.913979e-12,1000000.0
-0.5184,1.899292e-12,1000000.0
-0.5172,1.901698e-12,1000000.0
-0.5160,1.902703e-12,1000000.0
-0.5148,1.903695e-12,1000000.0
-0.5136,1.874231e-12,1000000.0
-0.5124,1.893463e-12,1000000.0
-0.5112,1.894770e-12,1000000.0
-0.5100,1.882903e-12,1000000.0
-0.5088,1.880523e-12,1000000.0
-0.5076,1.880233e-12,1000000.0
-0.5064,1.887669e-12,1000000.0
-0.5052,1.893632e-12,1000000.0
-0.5040,1.869298e-12,1000000.0
-0.5028,1.863239e-12,1000000.0
-0.5016,1.864036e-12,1000000.0
-0.5004,1.872614e-12,1000000.0
-0.4992,1.861179e-12,1000000.0
-0.4980,1.849267e-12,1000000.0
-0.4968,1.858592e-12,1000000.0
-0.4956,1.845877e-12,1000000.0
-0.4944,1.855689e-12,1000000.0
-0.4932,1.839113e-12,1000000.0
-0.4920,1.838118e-12,1000000.0
-0.4908,1.841877e-12,1000000.0
-0.4896,1.848602e-12,1000000.0
-0.4884,1.845470e-12,1000000.0
-0.4872,1.822816e-12,1000000.0
-0.4860,1.810213e-12,1000000.0
-0.4848,1.827431e-12,1000000.0
-0.4836,1.826721e-12,1000000.0
-0.4824,1.813958e-12,1000000.0
-0.4812,1.814430e-12,1000000.0
-0.4800,1.799330e-12,1000000.0
-0.4788,1.808732e-12,1000000.0
-0.4776,1.812756e-12,1000000.0
-0.4764,1.781017e-12,1000000.0
-0.4752,1.794877e-12,1000000.0
-0.4740,1.789263e-12,1000000.0
-0.4728,1.781770e-12,1000000.0
-0.4716,1.789924e-12,1000000.0
-0.4704,1.793292e-12,1000000.0
-0.4692,1.774431e-12,1000000.0
-0.4680,1.767329e-12,1000000.0
-0.4668,1.767278e-12,1000000.0
-0.4656,1.763701e-12,1000000.0
-0.4644,1.749610e-12,1000000.0
-0.4632,1.764226e-12,1000000.0
-0.4620,1.745348e-12,1000000.0
-0.4608,1.749371e-12,1000000.0
-0.4596,1.741437e-12,1000000.0
-0.4584,1.736541e-12,1000000.0
-0.4572,1.715871e-12,1000000.0
-0.4560,1.723469e-12,1000000.0
-0.4548,1.710349e-12,1000000.0
-0.4536,1.722178e-12,1000000.0
-0.4524,1.701370e-12,1000000.0
-0.4512,1.709028e-12,1000000.0
-0.4500,1.711283e-12,1000000.0
-0.4488,1.696720e-12,1000000.0
-0.4476,1.688461e-12,1000000.0
-0.4464,1.702263e-12,1000000.0
-0.4452,1.687620e-12,1000000.0
-0.4440,1.688127e-12,1000000.0
-0.4428,1.683707e-12,1000000.0
-0.4416,1.668343e-12,1000000.0
-0.4404,1.646754e-12,1000000.0
-0.4392,1.674357e-12,1000000.0
-0.4380,1.656066e-12,1000000.0
-0.4368,1.646975e-12,1000000.0
-0.4356,1.658999e-12,1000000.0
-0.4344,1.644779e-12,1000000.0
-0.4332,1.638162e-12,1000000.0
-0.4320,1.650929e-12,1000000.0
-0.4308,1.647773e-12,1000000.0
-0.4296,1.626076e-12,1000000.0
-0.4284,1.622375e-12,1000000.0
-0.4272,1.624551e-12,1000000.0
-0.4260,1.615313e-12,1000000.0
-0.4248,1.598278e-12,1000000.0
-0.4236,1.608398e-12,1000000.0
-0.4224,1.586064e-12,1000000.0
-0.4212,1.582258e-12,1000000.0
-0.4200,1.584964e-12,1000000.0
-0.4188,1.589558e-12,1000000.0
-0.4176,1.567246e-12,1000000.0
-0.4164,1.556475e-12,1000000.0
-0.4152,1.573123e-12,1000000.0
-0.4140,1.581673e-12,1000000.0
-0.4128,1.542512e-12,1000000.0
-0.4116,1.565627e-12,1000000.0
-0.4104,1.539468e-12,1000000.0
-0.4092,1.543810e-12,1000000.0
-0.4080,1.526732e-12,1000000.0
-0.4068,1.551615e-12,1000000.0
-0.4056,1.542072e-12,1000000.0
-0.4044,1.533334e-12,1000000.0
-0.4032,1.505831e-12,1000000.0
-0.4020,1.513947e-12,1000000.0
-0.4008,1.510011e-12,1000000.0
-0.3996,1.490596e-12,1000000.0
-0.3984,1.520461e-12,1000000.0
-0.3972,1.476444e-12,1000000.0
-0.3960,1.476413e-12,1000000.0
-0.3948,1.469901e-12,1000000.0
-0.3936,1.474504e-12,1000000.0
-0.3924,1.478616e-12,1000000.0
-0.3912,1.453937e-12,1000000.0
-0.3900,1.459484e-12,1000000.0
-0.3888,1.454013e-12,1000000.0
-0.3876,1.433374e-12,1000000.0
-0.3864,1.441789e-12,1000000.0
-0.3852,1.452980e-12,1000000.0
-0.3840,1.439109e-12,1000000.0
-0.3828,1.433088e-12,1000000.0
-0.3816,1.417896e-12,1000000.0
-0.3804,1.405467e-12,1000000.0
-0.3792,1.412975e-12,1000000.0
-0.3780,1.390872e-12,1000000.0
-0.3768,1.390175e-12,1000000.0
-0.3756,1.380128e-12,1000000.0
-0.3744,1.386254e-12,1000000.0
-0.3732,1.378320e-12,1000000.0
-0.3720,1.374533e-12,1000000.0
-0.3708,1.381572e-12,1000000.0
-0.3696,1.352397e-12,1000000.0
-0.3684,1.334400e-12,1000000.0
-0.3672,1.353814e-12,1000000.0
-0.3660,1.348040e-12,1000000.0
-0.3648,1.314972e-12,1000000.0
-0.3636,1.333672e-12,1000000.0
-0.3624,1.318736e-12,1000000.0
-0.3612,1.317970e-12,1000000.0
-0.3600,1.299973e-12,1000000.0
-0.3588,1.306386e-12,1000000.0
-0.3576,1.268014e-12,1000000.0
-0.3564,1.286713e-12,1000000.0
-0.3552,1.296566e-12,1000000.0
-0.3540,1.277732e-12,1000000.0
-0.3528,1.255867e-12,1000000.0
-0.3516,1.263119e-12,1000000.0
-0.3504,1.253071e-12,1000000.0
-0.3492,1.259548e-12,1000000.0
-0.3480,1.256759e-12,1000000.0
-0.3468,1.222179e-12,1000000.0
-0.3456,1.219473e-12,1000000.0
-0.3444,1.220114e-12,1000000.0
-0.3432,1.217792e-12,1000000.0
-0.3420,1.214492e-12,1000000.0
-0.3408,1.226440e-12,1000000.0
-0.3396,1.191013e-12,1000000.0
-0.3384,1.187128e-12,1000000.0
-0.3372,1.201168e-12,1000000.0
-0.3360,1.189979e-12,1000000.0
-0.3348,1.172475e-12,1000000.0
-0.3336,1.171368e-12,1000000.0
-0.3324,1.166294e-12,1000000.0
-0.3312,1.154154e-12,1000000.0
-0.3300,1.157114e-12,1000000.0
-0.3288,1.162565e-12,1000000.0
-0.3276,1.152096e-12,1000000.0
-0.3264,1.130850e-12,1000000.0
-0.3252,1.149446e-12,1000000.0
-0.3240,1.120680e-12,1000000.0
-0.3228,1.118542e-12,1000000.0
-0.3216,1.103536e-12,1000000.0
-0.3204,1.112415e-12,1000000.0
-0.3192,1.092025e-12,1000000.0
-0.3180,1.085666e-12,1000000.0
-0.3168,1.096559e-12,1000000.0
-0.3156,1.061852e-12,1000000.0
-0.3144,1.083162e-12,1000000.0
-0.3132,1.064238e-12,1000000.0
-0.3120,1.068259e-12,1000000.0
-0.3108,1.055936e-12,1000000.0
-0.3096,1.066421e-12,1000000.0
-0.3084,1.026283e-12,1000000.0
-0.3072,1.053434e-12,1000000.0
-0.3060,1.026323e-12,1000000.0
-0.3048,1.021893e-12,1000000.0
-0.3036,1.021780e-12,1000000.0
-0.3024,1.005338e-12,1000000.0
-0.3012,1.018003e-12,1000000.0
-0.3000,9.983559e-13,1000000.0
-0.2988,9.927213e-13,1000000.0
-0.2976,9.935231e-13,1000000.0
-0.2964,9.821296e-13,1000000.0
-0.2952,9.590364e-13,1000000.0
-0.2940,9.556442e-13,1000000.0
-0.2928,9.526972e-13,1000000.0
-0.2916,9.641313e-13,1000000.0
-0.2904,9.526596e-13,1000000.0
-0.2892,9.597062e-13,1000000.0
-0.2880,9.571068e-13,1000000.0
-0.2868,9.278444e-13,1000000.0
-0.2856,9.190243e-13,1000000.0
-0.2844,9.119429e-13,1000000.0
-0.2832,9.115701e-13,1000000.0
-0.2820,9.055659e-13,1000000.0
-0.2808,8.930787e-13,1000000.0
-0.2796,8.769226e-13,1000000.0
-0.2784,8.965172e-13,1000000.0
-0.2772,8.892385e-13,1000000.0
-0.2760,8.827039e-13,1000000.0
-0.2748,8.697618e-13,1000000.0
-0.2736,8.803945e-13,1000000.0
-0.2724,8.574875e-13,1000000.0
-0.2712,8.531418e-13,1000000.0
-0.2700,8.527445e-13,1000000.0
-0.2688,8.535925e-13,1000000.0
-0.2676,8.259233e-13,1000000.0
-0.2664,8.197612e-13,1000000.0
-0.2652,8.366744e-13,1000000.0
-0.2640,8.089434e-13,1000000.0
-0.2628,8.022813e-13,1000000.0
-0.2616,8.061104e-13,1000000.0
-0.2604,7.980461e-13,1000000.0
-0.2592,7.938012e-13,1000000.0
-0.2580,7.692573e-13,1000000.0
-0.2568,7.971759e-13,1000000.0
-0.2556,7.711922e-13,1000000.0
-0.2544,7.576108e-13,1000000.0
-0.2532,7.527684e-13,1000000.0
-0.2520,7.573538e-13,1000000.0
-0.2508,7.465271e-13,1000000.0
-0.2496,7.273183e-13,1000000.0
-0.2484,7.404656e-13,1000000.0
-0.2472,7.184308e-13,1000000.0
-0.2460,7.214452e-13,1000000.0
-0.2448,7.080545e-13,1000000.0
-0.2436,7.164457e-13,1000000.0
-0.2424,6.880827e-13,1000000.0
-0.2412,6.998677e-13,1000000.0
-0.2400,7.053894e-13,1000000.0
-0.2388,6.822609e-13,1000000.0
-0.2376,6.991085e-13,1000000.0
-0.2364,6.778996e-13,1000000.0
-0.2352,6.479547e-13,1000000.0
-0.2340,6.734082e-13,1000000.0
-0.2328,6.531216e-13,1000000.0
-0.2316,6.499290e-13,1000000.0
-0.2304,6.288071e-13,1000000.0
-0.2292,6.406340e-13,1000000.0
-0.2280,6.085626e-13,1000000.0
-0.2268,6.305853e-13,1000000.0
-0.2256,6.129715e-13,1000000.0
-0.2244,6.097998e-13,1000000.0
-0.2232,6.147398e-13,1000000.0
-0.2220,6.090147e-13,1000000.0
-0.2208,6.082572e-13,1000000.0
-0.2196,5.914277e-13,1000000.0
-0.2184,5.727149e-13,1000000.0
-0.2172,5.837526e-13,1000000.0
-0.2160,5.761886e-13,1000000.0
-0.2148,5.734282e-13,1000000.0
-0.2136,5.610136e-13,1000000.0
-0.2124,5.436875e-13,1000000.0
-0.2112,5.530444e-13,1000000.0
-0.2100,5.537693e-13,1000000.0
-0.2088,5.463624e-13,1000000.0
-0.2076,5.505007e-13,1000000.0
-0.2064,5.226364e-13,1000000.0
-0.2052,5.136420e-13,1000000.0
-0.2040,5.303414e-13,1000000.0
-0.2028,5.049963e-13,1000000.0
-0.2016,5.171605e-13,1000000.0
-0.2004,4.902018e-13,1000000.0
-0.1992,4.911123e-13,1000000.0
-0.1980,4.953680e-13,1000000.0
-0.1968,4.736848e-13,1000000.0
-0.1956,4.898252e-13,1000000.0
-0.1944,4.663328e-13,1000000.0
-0.1932,4.603069e-13,1000000.0
-0.1920,4.688809e-13,1000000.0
-0.1908,4.383442e-13,1000000.0
-0.1896,4.556170e-13,1000000.0
-0.1884,4.516490e-13,1000000.0
-0.1872,4.368967e-13,1000000.0
-0.1860,4.351435e-13,1000000.0
-0.1848,4.223328e-13,1000000.0
-0.1836,4.423237e-13,1000000.0
-0.1824,4.114124e-13,1000000.0
-0.1812,4.268505e-13,1000000.0
-0.1800,4.294378e-13,1000000.0
-0.1788,4.357470e-13,1000000.0
-0.1776,4.111412e-13,1000000.0
-0.1764,3.932125e-13,1000000.0
-0.1752,3.813563e-13,1000000.0
-0.1740,3.884313e-13,1000000.0
-0.1728,3.762839e-13,1000000.0
-0.1716,3.729949e-13,1000000.0
-0.1704,3.666626e-13,1000000.0
-0.1692,3.659583e-13,1000000.0
-0.1680,3.632071e-13,1000000.0
-0.1668,3.564851e-13,1000000.0
-0.1656,3.551896e-13,1000000.0
-0.1644,3.475488e-13,1000000.0
-0.1632,3.475051e-13,1000000.0
-0.1620,3.407807e-13,1000000.0
-0.1608,3.440702e-13,1000000.0
-0.1596,3.423215e-13,1000000.0
-0.1584,3.247695e-13,1000000.0
-0.1572,3.065364e-13,1000000.0
-0.1560,3.071429e-13,1000000.0
-0.1548,2.925777e-13,1000000.0
-0.1536,3.276964e-13,1000000.0
-0.1524,3.112292e-13,1000000.0
-0.1512,2.999721e-13,1000000.0
-0.1500,2.892864e-13,1000000.0
-0.1488,2.955008e-13,1000000.0
-0.1476,3.049897e-13,1000000.0
-0.1464,2.833994e-13,1000000.0
-0.1452,2.600466e-13,1000000.0
-0.1440,2.833257e-13,1000000.0
-0.1428,2.592542e-13,1000000.0
-0.1416,2.653000e-13,1000000.0
-0.1404,2.617430e-13,1000000.0
-0.1392,2.693967e-13,1000000.0
-0.1380,2.459741e-13,1000000.0
-0.1368,2.548303e-13,1000000.0
-0.1356,2.317280e-13,1000000.0
-0.1344,2.425241e-13,1000000.0
-0.1332,2.277939e-13,1000000.0
-0.1320,2.245358e-13,1000000.0
-0.1308,2.276317e-13,1000000.0
-0.1296,2.202087e-13,1000000.0
-0.1284,2.096455e-13,1000000.0
-0.1272,2.149701e-13,1000000.0
-0.1260,2.036131e-13,1000000.0
-0.1248,2.083767e-13,1000000.0
-0.1236,1.962015e-13,1000000.0
-0.1224,1.885902e-13,1000000.0
-0.1212,1.908260e-13,1000000.0
-0.1200,1.894590e-13,1000000.0
-0.1188,1.716405e-13,1000000.0
-0.1176,1.865364e-13,1000000.0
-0.1164,1.752210e-13,1000000.0
-0.1152,1.702192e-13,1000000.0
-0.1140,1.694493e-13,1000000.0
-0.1128,1.700111e-13,1000000.0
-0.1116,1.662688e-13,1000000.0
-0.1104,1.647947e-13,1000000.0
-0.1092,1.549090e-13,1000000.0
-0.1080,1.533013e-13,1000000.0
-0.1068,1.502524e-13,1000000.0
-0.1056,1.446476e-13,1000000.0
-0.1044,1.587162e-13,1000000.0
-0.1032,1.382466e-13,1000000.0
-0.1020,1.373540e-13,1000000.0
-0.1008,1.162125e-13,1000000.0
-0.0996,1.317213e-13,1000000.0
-0.0984,1.323261e-13,1000000.0
-0.0972,1.319180e-13,1000000.0
-0.0960,1.327129e-13,1000000.0
-0.0948,1.290772e-13,1000000.0
-0.0936,1.234845e-13,1000000.0
-0.0924,1.044205e-13,1000000.0
-0.0912,1.057760e-13,1000000.0
-0.0900,1.082360e-13,1000000.0
-0.0888,9.031681e-14,1000000.0
-0.0876,1.023156e-13,1000000.0
-0.0864,1.024672e-13,1000000.0
-0.0852,1.031844e-13,1000000.0
-0.0840,9.079521e-14,1000000.0
-0.0828,8.185298e-14,1000000.0
-0.0816,8.821235e-14,1000000.0
-0.0804,9.168369e-14,1000000.0
-0.0792,8.134939e-14,1000000.0
-0.0780,9.656542e-14,1000000.0
-0.0768,6.655045e-14,1000000.0
-0.0756,5.527735e-14,1000000.0
-0.0744,6.477811e-14,1000000.0
-0.0732,7.118618e-14,1000000.0
-0.0720,5.445832e-14,1000000.0
-0.0708,6.831655e-14,1000000.0
-0.0696,7.746209e-14,1000000.0
-0.0684,5.603539e-14,1000000.0
-0.0672,6.194917e-14,1000000.0
-0.0660,5.194872e-14,1000000.0
-0.0648,4.745321e-14,1000000.0
-0.0636,5.433851e-14,1000000.0
-0.0624,5.061618e-14,1000000.0
-0.0612,5.679533e-14,1000000.0
-0.0600,4.933874e-14,1000000.0
-0.0588,5.194488e-14,1000000.0
-0.0576,5.307725e-14,1000000.0
-0.0564,4.611254e-14,1000000.0
-0.0552,3.895824e-14,1000000.0
-0.0540,3.608203e-14,1000000.0
-0.0528,2.717141e-14,1000000.0
-0.0516,1.399869e-14,1000000.0
-0.0504,2.854847e-14,1000000.0
-0.0492,2.721986e-14,1000000.0
-0.0480,5.661359e-14,1000000.0
-0.0468,3.236721e-14,1000000.0
-0.0456,1.604293e-14,1000000.0
-0.0444,1.526435e-14,1000000.0
-0.0432,1.390843e-14,1000000.0
-0.0420,2.146743e-14,1000000.0
-0.0408,3.052379e-14,1000000.0
-0.0396,2.457703e-14,1000000.0
-0.0384,1.904629e-14,1000000.0
-0.0372,6.849237e-15,1000000.0
-0.0360,2.849181e-14,1000000.0
-0.0348,2.316324e-14,1000000.0
-0.0336,8.324831e-15,1000000.0
-0.0324,5.876307e-15,1000000.0
-0.0312,3.500369e-14,1000000.0
-0.0300,2.289038e-14,1000000.0
-0.0288,1.838972e-14,1000000.0
-0.0276,-7.651067e-15,1000000.0
-0.0264,1.776701e-14,1000000.0
-0.0252,1.163369e-14,1000000.0
-0.0240,-1.960002e-15,1000000.0
-0.0228,-3.460485e-15,1000000.0
-0.0216,-8.839882e-15,1000000.0
-0.0204,8.476139e-15,1000000.0
-0.0192,1.537390e-14,1000000.0
-0.0180,8.732994e-15,1000000.0
-0.0168,3.233594e-15,1000000.0
-0.0156,6.103333e-15,1000000.0
-0.0144,-1.784798e-14,1000000.0
-0.0132,-1.802036e-14,1000000.0
-0.0120,-1.336972e-14,1000000.0
-0.0108,2.011836e-14,1000000.0
-0.0096,-7.590187e-16,1000000.0
-0.0084,2.984125e-15,1000000.0
-0.0072,-5.604032e-15,1000000.0
-0.0060,6.797059e-15,1000000.0
-0.0048,1.505001e-14,1000000.0
-0.0036,-1.816136e-14,1000000.0
-0.0024,-5.740077e-15,1000000.0
-0.0012,1.145278e-14,1000000.0
0.0000,-7.313455e-15,1000000.0
0.0012,2.130150e-14,1000000.0
0.0024,-1.762341e-14,1000000.0
0.0036,2.447084e-15,1000000.0
0.0048,5.245852e-15,1000000.0
0.0060,1.218868e-14,1000000.0
0.0072,6.813020e-16,1000000.0
0.0084,9.331635e-15,1000000.0
0.0096,-9.039477e-16,1000000.0
0.0108,1.359887e-14,1000000.0
0.0120,3.436225e-15,1000000.0
0.0132,1.353072e-16,1000000.0
0.0144,-6.623350e-15,1000000.0
0.0156,-1.060210e-14,1000000.0
0.0168,1.937308e-14,1000000.0
0.0180,7.475608e-15,1000000.0
0.0192,3.037924e-15,1000000.0
0.0204,2.576638e-14,1000000.0
0.0216,-5.410744e-15,1000000.0
0.0228,-3.295055e-16,1000000.0
0.0240,-2.371208e-15,1000000.0
0.0252,2.046664e-14,1000000.0
0.0264,1.809783e-14,1000000.0
0.0276,-1.040191e-14,1000000.0
0.0288,9.966383e-15,1000000.0
0.0300,2.468703e-14,1000000.0
0.0312,-1.878604e-14,1000000.0
0.0324,1.998828e-15,1000000.0
0.0336,1.934121e-14,1000000.0
0.0348,2.281804e-14,1000000.0
0.0360,3.446636e-14,1000000.0
0.0372,1.889387e-14,1000000.0
0.0384,2.818267e-15,1000000.0
0.0396,3.265056e-14,1000000.0
0.0408,1.943207e-14,1000000.0
0.0420,2.705241e-14,1000000.0
0.0432,2.069547e-14,1000000.0
0.0444,2.520887e-14,1000000.0
0.0456,5.392422e-14,1000000.0
0.0468,3.610870e-14,1000000.0
0.0480,2.342348e-14,1000000.0
0.0492,1.969734e-14,1000000.0
0.0504,3.097988e-14,1000000.0
0.0516,3.720211e-14,1000000.0
0.0528,4.689131e-14,1000000.0
0.0540,3.487612e-14,1000000.0
0.0552,5.019974e-14,1000000.0
0.0564,4.510041e-14,1000000.0
0.0576,3.229550e-14,1000000.0
0.0588,4.164250e-14,1000000.0
0.0600,5.745742e-14,1000000.0
0.0612,5.956568e-14,1000000.0
0.0624,6.880925e-14,1000000.0
0.0636,5.788464e-14,1000000.0
0.0648,6.021126e-14,1000000.0
0.0660,5.936050e-14,1000000.0
0.0672,6.289012e-14,1000000.0
0.0684,6.215126e-14,1000000.0
0.0696,6.876443e-14,1000000.0
0.0708,7.685008e-14,1000000.0
0.0720,7.241712e-14,1000000.0
0.0732,7.187382e-14,1000000.0
0.0744,6.173440e-14,1000000.0
0.0756,7.453947e-14,1000000.0
0.0768,7.752240e-14,1000000.0
0.0780,8.133883e-14,1000000.0
0.0792,8.915981e-14,1000000.0
0.0804,9.383693e-14,1000000.0
0.0816,7.397070e-14,1000000.0
0.0828,9.691574e-14,1000000.0
0.0840,9.129979e-14,1000000.0
0.0852,9.769383e-14,1000000.0
0.0864,9.598635e-14,1000000.0
0.0876,1.026921e-13,1000000.0
0.0888,1.054278e-13,1000000.0
0.0900,1.078364e-13,1000000.0
0.0912,1.114912e-13,1000000.0
0.0924,1.097578e-13,1000000.0
0.0936,1.081911e-13,1000000.0
0.0948,1.310879e-13,1000000.0
0.0960,1.210072e-13,1000000.0
0.0972,1.082865e-13,1000000.0
0.0984,1.133617e-13,1000000.0
0.0996,1.462958e-13,1000000.0
0.1008,1.312951e-13,1000000.0
0.1020,1.353471e-13,1000000.0
0.1032,1.419514e-13,1000000.0
0.1044,1.441651e-13,1000000.0
0.1056,1.565884e-13,1000000.0
0.1068,1.629416e-13,1000000.0
0.1080,1.578107e-13,1000000.0
0.1092,1.742524e-13,1000000.0
0.1104,1.639567e-13,1000000.0
0.1116,1.775597e-13,1000000.0
0.1128,1.585638e-13,1000000.0
0.1140,1.790429e-13,1000000.0
0.1152,1.689710e-13,1000000.0
0.1164,1.735513e-13,1000000.0
0.1176,1.800954e-13,1000000.0
0.1188,1.719846e-13,1000000.0
0.1200,2.028084e-13,1000000.0
0.1212,2.060079e-13,1000000.0
0.1224,1.966194e-13,1000000.0
0.1236,2.144701e-13,1000000.0
0.1248,1.934787e-13,1000000.0
0.1260,2.106296e-13,1000000.0
0.1272,2.052844e-13,1000000.0
0.1284,2.422529e-13,1000000.0
0.1296,2.420076e-13,1000000.0
0.1308,2.226969e-13,1000000.0
0.1320,2.299501e-13,1000000.0
0.1332,2.421134e-13,1000000.0
0.1344,2.418595e-13,1000000.0
0.1356,2.614904e-13,1000000.0
0.1368,2.490607e-13,1000000.0
0.1380,2.583473e-13,1000000.0
0.1392,2.464913e-13,1000000.0
0.1404,2.552454e-13,1000000.0
0.1416,2.656946e-13,1000000.0
0.1428,2.651622e-13,1000000.0
0.1440,2.607800e-13,1000000.0
0.1452,2.792446e-13,1000000.0
0.1464,2.687512e-13,1000000.0
0.1476,2.708968e-13,1000000.0
0.1488,3.010029e-13,1000000.0
0.1500,2.980256e-13,1000000.0
0.1512,2.871059e-13,1000000.0
0.1524,2.978881e-13,1000000.0
0.1536,3.084084e-13,1000000.0
0.1548,3.113321e-13,1000000.0
0.1560,3.262228e-13,1000000.0
0.1572,3.164340e-13,1000000.0
0.1584,3.475886e-13,1000000.0
0.1596,3.343661e-13,1000000.0
0.1608,3.505316e-13,1000000.0
0.1620,3.211759e-13,1000000.0
0.1632,3.394988e-13,1000000.0
0.1644,3.463942e-13,1000000.0
0.1656,3.479613e-13,1000000.0
0.1668,3.496653e-13,1000000.0
0.1680,3.463246e-13,1000000.0
0.1692,3.706140e-13,1000000.0
0.1704,3.668410e-13,1000000.0
0.1716,3.763723e-13,1000000.0
0.1728,3.531993e-13,1000000.0
0.1740,3.745451e-13,1000000.0
0.1752,3.868414e-13,1000000.0
0.1764,3.925263e-13,1000000.0
0.1776,3.824220e-13,1000000.0
0.1788,4.084886e-13,1000000.0
0.1800,4.150916e-13,1000000.0
0.1812,4.148373e-13,1000000.0
0.1824,4.186713e-13,1000000.0
0.1836,4.431603e-13,1000000.0
0.1848,4.191898e-13,1000000.0
0.1860,4.444900e-13,1000000.0
0.1872,4.440232e-13,1000000.0
0.1884,4.539931e-13,1000000.0
0.1896,4.472259e-13,1000000.0
0.1908,4.473955e-13,1000000.0
0.1920,4.576655e-13,1000000.0
0.1932,4.520215e-13,1000000.0
0.1944,4.664483e-13,1000000.0
0.1956,4.849119e-13,1000000.0
0.1968,4.722701e-13,1000000.0
0.1980,4.971732e-13,1000000.0
0.1992,4.936640e-13,1000000.0
0.2004,5.090774e-13,1000000.0
0.2016,5.173173e-13,1000000.0
0.2028,5.076593e-13,1000000.0
0.2040,5.168497e-13,1000000.0
0.2052,5.181050e-13,1000000.0
0.2064,5.286329e-13,1000000.0
0.2076,5.272124e-13,1000000.0
0.2088,5.522926e-13,1000000.0
0.2100,5.530576e-13,1000000.0
0.2112,5.485746e-13,1000000.0
0.2124,5.446803e-13,1000000.0
0.2136,5.497999e-13,1000000.0
0.2148,5.625770e-13,1000000.0
0.2160,5.945438e-13,1000000.0
0.2172,5.742256e-13,1000000.0
0.2184,5.838683e-13,1000000.0
0.2196,5.908773e-13,1000000.0
0.2208,6.044583e-13,1000000.0
0.2220,6.024230e-13,1000000.0
0.2232,6.087443e-13,1000000.0
0.2244,6.082183e-13,1000000.0
0.2256,6.305518e-13,1000000.0
0.2268,6.327996e-13,1000000.0
0.2280,6.216138e-13,1000000.0
0.2292,6.293403e-13,1000000.0
0.2304,6.474709e-13,1000000.0
0.2316,6.429410e-13,1000000.0
0.2328,6.366702e-13,1000000.0
0.2340,6.611842e-13,1000000.0
0.2352,6.772274e-13,1000000.0
0.2364,6.733224e-13,1000000.0
0.2376,6.908570e-13,1000000.0
0.2388,6.858740e-13,1000000.0
0.2400,6.945733e-13,1000000.0
0.2412,7.062667e-13,1000000.0
0.2424,7.092326e-13,1000000.0
0.2436,7.061215e-13,1000000.0
0.2448,7.126682e-13,1000000.0
0.2460,6.997309e-13,1000000.0
0.2472,7.286715e-13,1000000.0
0.2484,7.367129e-13,1000000.0
0.2496,7.436576e-13,1000000.0
0.2508,7.587272e-13,1000000.0
0.2520,7.502821e-13,1000000.0
0.2532,7.455283e-13,1000000.0
0.2544,7.542633e-13,1000000.0
0.2556,7.678861e-13,1000000.0
0.2568,7.847233e-13,1000000.0
0.2580,7.891080e-13,1000000.0
0.2592,8.085404e-13,1000000.0
0.2604,8.011914e-13,1000000.0
0.2616,7.960123e-13,1000000.0
0.2628,7.987814e-13,1000000.0
0.2640,8.265553e-13,1000000.0
0.2652,8.037209e-13,1000000.0
0.2664,8.407471e-13,1000000.0
0.2676,8.270536e-13,1000000.0
0.2688,8.290491e-13,1000000.0
0.2700,8.346584e-13,1000000.0
0.2712,8.626858e-13,1000000.0
0.2724,8.461680e-13,1000000.0
0.2736,8.686874e-13,1000000.0
0.2748,8.805615e-13,1000000.0
0.2760,8.729328e-13,1000000.0
0.2772,8.748896e-13,1000000.0
0.2784,9.010678e-13,1000000.0
0.2796,8.901790e-13,1000000.0
0.2808,9.040131e-13,1000000.0
0.2820,9.133829e-13,1000000.0
0.2832,9.203236e-13,1000000.0
0.2844,9.169901e-13,1000000.0
0.2856,9.343310e-13,1000000.0
0.2868,9.342788e-13,1000000.0
0.2880,9.325974e-13,1000000.0
0.2892,9.453001e-13,1000000.0
0.2904,9.579284e-13,1000000.0
0.2916,9.552603e-13,1000000.0
0.2928,9.430095e-13,1000000.0
0.2940,9.766924e-13,1000000.0
0.2952,9.757198e-13,1000000.0
0.2964,9.846831e-13,1000000.0
0.2976,9.809390e-13,1000000.0
0.2988,9.926702e-13,1000000.0
0.3000,9.863171e-13,1000000.0
0.3012,1.003941e-12,1000000.0
0.3024,1.003218e-12,1000000.0
0.3036,1.007538e-12,1000000.0
0.3048,1.033078e-12,1000000.0
0.3060,1.045730e-12,1000000.0
0.3072,1.041521e-12,1000000.0
0.3084,1.051201e-12,1000000.0
0.3096,1.049188e-12,1000000.0
0.3108,1.071558e-12,1000000.0
0.3120,1.068024e-12,1000000.0
0.3132,1.060666e-12,1000000.0
0.3144,1.082287e-12,1000000.0
0.3156,1.082497e-12,1000000.0
0.3168,1.082317e-12,1000000.0
0.3180,1.076654e-12,1000000.0
0.3192,1.098372e-12,1000000.0
0.3204,1.105703e-12,1000000.0
0.3216,1.098444e-12,1000000.0
0.3228,1.096806e-12,1000000.0
0.3240,1.117410e-12,1000000.0
0.3252,1.140337e-12,1000000.0
0.3264,1.135259e-12,1000000.0
0.3276,1.127706e-12,1000000.0
0.3288,1.132666e-12,1000000.0
0.3300,1.172025e-12,1000000.0
0.3312,1.159025e-12,1000000.0
0.3324,1.178122e-12,1000000.0
0.3336,1.181016e-12,1000000.0
0.3348,1.193586e-12,1000000.0
0.3360,1.172564e-12,1000000.0
0.3372,1.200236e-12,1000000.0
0.3384,1.201988e-12,1000000.0
0.3396,1.183852e-12,1000000.0
0.3408,1.205451e-12,1000000.0
0.3420,1.218559e-12,1000000.0
0.3432,1.234095e-12,1000000.0
0.3444,1.209325e-12,1000000.0
0.3456,1.233026e-12,1000000.0
0.3468,1.261773e-12,1000000.0
0.3480,1.262394e-12,1000000.0
0.3492,1.258105e-12,1000000.0
0.3504,1.263247e-12,1000000.0
0.3516,1.266787e-12,1000000.0
0.3528,1.271438e-12,1000000.0
0.3540,1.303750e-12,1000000.0
0.3552,1.285899e-12,1000000.0
0.3564,1.286413e-12,1000000.0
0.3576,1.290934e-12,1000000.0
0.3588,1.291192e-12,1000000.0
0.3600,1.307828e-12,1000000.0
0.3612,1.313947e-12,1000000.0
0.3624,1.330061e-12,1000000.0
0.3636,1.315906e-12,1000000.0
0.3648,1.343709e-12,1000000.0
0.3660,1.351690e-12,1000000.0
0.3672,1.334573e-12,1000000.0
0.3684,1.358641e-12,1000000.0
0.3696,1.366021e-12,1000000.0
0.3708,1.358142e-12,1000000.0
0.3720,1.363391e-12,1000000.0
0.3732,1.372549e-12,1000000.0
0.3744,1.374823e-12,1000000.0
0.3756,1.364628e-12,1000000.0
0.3768,1.406195e-12,1000000.0
0.3780,1.405554e-12,1000000.0
0.3792,1.398030e-12,1000000.0
0.3804,1.408793e-12,1000000.0
0.3816,1.404488e-12,1000000.0
0.3828,1.424679e-12,1000000.0
0.3840,1.424045e-12,1000000.0
0.3852,1.427462e-12,1000000.0
0.3864,1.446586e-12,1000000.0
0.3876,1.434089e-12,1000000.0
0.3888,1.476372e-12,1000000.0
0.3900,1.452910e-12,1000000.0
0.3912,1.447734e-12,1000000.0
0.3924,1.469966e-12,1000000.0
0.3936,1.454897e-12,1000000.0
0.3948,1.472128e-12,1000000.0
0.3960,1.466424e-12,1000000.0
0.3972,1.472223e-12,1000000.0
0.3984,1.501922e-12,1000000.0
0.3996,1.490100e-12,1000000.0
0.4008,1.504952e-12,1000000.0
0.4020,1.521666e-12,1000000.0
0.4032,1.527897e-12,1000000.0
0.4044,1.530553e-12,1000000.0
0.4056,1.528631e-12,1000000.0
0.4068,1.546930e-12,1000000.0
0.4080,1.552713e-12,1000000.0
0.4092,1.549489e-12,1000000.0
0.4104,1.537736e-12,1000000.0
0.4116,1.527055e-12,1000000.0
0.4128,1.577693e-12,1000000.0
0.4140,1.563602e-12,1000000.0
0.4152,1.566061e-12,1000000.0
0.4164,1.577948e-12,1000000.0
0.4176,1.579613e-12,1000000.0
0.4188,1.572564e-12,1000000.0
0.4200,1.588440e-12,1000000.0
0.4212,1.590743e-12,1000000.0
0.4224,1.591686e-12,1000000.0
0.4236,1.591260e-12,1000000.0
0.4248,1.612284e-12,1000000.0
0.4260,1.610023e-12,1000000.0
0.4272,1.628806e-12,1000000.0
0.4284,1.629259e-12,1000000.0
0.4296,1.616443e-12,1000000.0
0.4308,1.621410e-12,1000000.0
0.4320,1.646995e-12,1000000.0
0.4332,1.644449e-12,1000000.0
0.4344,1.638789e-12,1000000.0
0.4356,1.649517e-12,1000000.0
0.4368,1.660086e-12,1000000.0
0.4380,1.658745e-12,1000000.0
0.4392,1.673645e-12,1000000.0
0.4404,1.670602e-12,1000000.0
0.4416,1.684234e-12,1000000.0
0.4428,1.684939e-12,1000000.0
0.4440,1.702969e-12,1000000.0
0.4452,1.682135e-12,1000000.0
0.4464,1.694550e-12,1000000.0
0.4476,1.701010e-12,1000000.0
0.4488,1.713300e-12,1000000.0
0.4500,1.697574e-12,1000000.0
0.4512,1.701032e-12,1000000.0
0.4524,1.723966e-12,1000000.0
0.4536,1.715373e-12,1000000.0
0.4548,1.736003e-12,1000000.0
0.4560,1.730847e-12,1000000.0
0.4572,1.721829e-12,1000000.0
0.4584,1.743916e-12,1000000.0
0.4596,1.720306e-12,1000000.0
0.4608,1.751011e-12,1000000.0
0.4620,1.741355e-12,1000000.0
0.4632,1.760243e-12,1000000.0
0.4644,1.755630e-12,1000000.0
0.4656,1.777972e-12,1000000.0
0.4668,1.782656e-12,1000000.0
0.4680,1.766088e-12,1000000.0
0.4692,1.781729e-12,1000000.0
0.4704,1.769212e-12,1000000.0
0.4716,1.784990e-12,1000000.0
0.4728,1.792821e-12,1000000.0
0.4740,1.789020e-12,1000000.0
0.4752,1.797786e-12,1000000.0
0.4764,1.807509e-12,1000000.0
0.4776,1.800970e-12,1000000.0
0.4788,1.808879e-12,1000000.0
0.4800,1.806780e-12,1000000.0
0.4812,1.806257e-12,1000000.0
0.4824,1.803891e-12,1000000.0
0.4836,1.818069e-12,1000000.0
0.4848,1.815252e-12,1000000.0
0.4860,1.825746e-12,1000000.0
0.4872,1.836222e-12,1000000.0
0.4884,1.840772e-12,1000000.0
0.4896,1.837484e-12,1000000.0
0.4908,1.860591e-12,1000000.0
0.4920,1.841183e-12,1000000.0
0.4932,1.853625e-12,1000000.0
0.4944,1.850787e-12,1000000.0
0.4956,1.850607e-12,1000000.0
0.4968,1.868363e-12,1000000.0
0.4980,1.854397e-12,1000000.0
0.4992,1.852006e-12,1000000.0
0.5004,1.865856e-12,1000000.0
0.5016,1.865993e-12,1000000.0
0.5028,1.862493e-12,1000000.0
0.5040,1.871561e-12,1000000.0
0.5052,1.883030e-12,1000000.0
0.5064,1.897800e-12,1000000.0
0.5076,1.891710e-12,1000000.0
0.5088,1.907920e-12,1000000.0
0.5100,1.884424e-12,1000000.0
0.5112,1.877847e-12,1000000.0
0.5124,1.879298e-12,1000000.0
0.5136,1.913479e-12,1000000.0
0.5148,1.904977e-12,1000000.0
0.5160,1.914225e-12,1000000.0
0.5172,1.903357e-12,1000000.0
0.5184,1.926992e-12,1000000.0
0.5196,1.904670e-12,1000000.0
0.5208,1.886786e-12,1000000.0
0.5220,1.901196e-12,1000000.0
0.5232,1.912782e-12,1000000.0
0.5244,1.915913e-12,1000000.0
0.5256,1.928109e-12,1000000.0
0.5268,1.939234e-12,1000000.0
0.5280,1.927560e-12,1000000.0
0.5292,1.933318e-12,1000000.0
0.5304,1.919780e-12,1000000.0
0.5316,1.935550e-12,1000000.0
0.5328,1.937715e-12,1000000.0
0.5340,1.930933e-12,1000000.0
0.5352,1.942517e-12,1000000.0
0.5364,1.955381e-12,1000000.0
0.5376,1.949586e-12,1000000.0
0.5388,1.955188e-12,1000000.0
0.5400,1.949130e-12,1000000.0
0.5412,1.944818e-12,1000000.0
0.5424,1.945513e-12,1000000.0
0.5436,1.962256e-12,1000000.0
0.5448,1.953706e-12,1000000.0
0.5460,1.966691e-12,1000000.0
0.5472,1.964854e-12,1000000.0
0.5484,1.969781e-12,1000000.0
0.5496,1.948388e-12,1000000.0
0.5508,1.984978e-12,1000000.0
0.5520,1.957747e-12,1000000.0
0.5532,1.971823e-12,1000000.0
0.5544,1.977729e-12,1000000.0
0.5556,1.976538e-12,1000000.0
0.5568,1.957146e-12,1000000.0
0.5580,1.962520e-12,1000000.0
0.5592,1.969506e-12,1000000.0
0.5604,1.979794e-12,1000000.0
0.5616,1.960070e-12,1000000.0
0.5628,1.972232e-12,1000000.0
0.5640,1.966978e-12,1000000.0
0.5652,1.975297e-12,1000000.0
0.5664,1.991240e-12,1000000.0
0.5676,1.971291e-12,1000000.0
0.5688,1.979197e-12,1000000.0
0.5700,1.980028e-12,1000000.0
0.5712,1.985989e-12,1000000.0
0.5724,1.992723e-12,1000000.0
0.5736,1.983509e-12,1000000.0
0.5748,2.005800e-12,1000000.0
0.5760,1.989780e-12,1000000.0
0.5772,1.978597e-12,1000000.0
0.5784,1.998554e-12,1000000.0
0.5796,1.976532e-12,1000000.0
0.5808,1.997611e-12,1000000.0
0.5820,1.997777e-12,1000000.0
0.5832,1.975203e-12,1000000.0
0.5844,1.993589e-12,1000000.0
0.5856,2.002350e-12,1000000.0
0.5868,2.009406e-12,1000000.0
0.5880,1.981134e-12,1000000.0
0.5892,2.005463e-12,1000000.0
0.5904,2.001774e-12,1000000.0
0.5916,1.981107e-12,1000000.0
0.5928,1.994620e-12,1000000.0
0.5940,1.995347e-12,1000000.0
0.5952,1.996603e-12,1000000.0
0.5964,1.994506e-12,1000000.0
0.5976,2.003431e-12,1000000.0
0.5988,2.019441e-12,1000000.0
0.6000,2.005491e-12,1000000.0
0.6012,2.006294e-12,1000000.0
0.6024,1.996749e-12,1000000.0
0.6036,2.006983e-12,1000000.0
0.6048,1.999276e-12,1000000.0
0.6060,1.980861e-12,1000000.0
0.6072,1.993493e-12,1000000.0
0.6084,2.002889e-12,1000000.0
0.6096,1.992800e-12,1000000.0
0.6108,2.001852e-12,1000000.0
0.6120,2.004636e-12,1000000.0
0.6132,2.011690e-12,1000000.0
0.6144,1.999353e-12,1000000.0
0.6156,1.998533e-12,1000000.0
0.6168,1.997159e-12,1000000.0
0.6180,1.999385e-12,1000000.0
0.6192,1.994167e-12,1000000.0
0.6204,2.010046e-12,1000000.0
0.6216,1.991604e-12,1000000.0
0.6228,2.005909e-12,1000000.0
0.6240,1.986148e-12,1000000.0
0.6252,2.000648e-12,1000000.0
0.6264,1.999288e-12,1000000.0
0.6276,1.992890e-12,1000000.0
0.6288,1.980286e-12,1000000.0
0.6300,1.980243e-12,1000000.0
0.6312,1.990598e-12,1000000.0
0.6324,1.996379e-12,1000000.0
0.6336,1.977959e-12,1000000.0
0.6348,1.963712e-12,1000000.0
0.6360,1.977561e-12,1000000.0
0.6372,1.977260e-12,1000000.0
0.6384,1.974671e-12,1000000.0
0.6396,1.973381e-12,1000000.0
0.6408,1.965465e-12,1000000.0
0.6420,1.974716e-12,1000000.0
0.6432,1.969870e-12,1000000.0
0.6444,1.992773e-12,1000000.0
0.6456,1.976309e-12,1000000.0
0.6468,1.975323e-12,1000000.0
0.6480,1.972091e-12,1000000.0
0.6492,1.959848e-12,1000000.0
0.6504,1.970454e-12,1000000.0
0.6516,1.966285e-12,1000000.0
0.6528,1.961282e-12,1000000.0
0.6540,1.951200e-12,1000000.0
0.6552,1.961910e-12,1000000.0
0.6564,1.958159e-12,1000000.0
0.6576,1.956026e-12,1000000.0
0.6588,1.953264e-12,1000000.0
0.6600,1.953184e-12,1000000.0
0.6612,1.929258e-12,1000000.0
0.6624,1.962658e-12,1000000.0
0.6636,1.955286e-12,1000000.0
0.6648,1.922871e-12,1000000.0
0.6660,1.956865e-12,1000000.0
0.6672,1.956876e-12,1000000.0
0.6684,1.933202e-12,1000000.0
0.6696,1.926618e-12,1000000.0
0.6708,1.941807e-12,1000000.0
0.6720,1.921384e-12,1000000.0
0.6732,1.921697e-12,1000000.0
0.6744,1.907160e-12,1000000.0
0.6756,1.915610e-12,1000000.0
0.6768,1.919994e-12,1000000.0
0.6780,1.919677e-12,1000000.0
0.6792,1.929096e-12,1000000.0
0.6804,1.914507e-12,1000000.0
0.6816,1.912210e-12,1000000.0
0.6828,1.902296e-12,1000000.0
0.6840,1.890297e-12,1000000.0
0.6852,1.893014e-12,1000000.0
0.6864,1.904942e-12,1000000.0
0.6876,1.885725e-12,1000000.0
0.6888,1.902842e-12,1000000.0
0.6900,1.892658e-12,1000000.0
0.6912,1.883499e-12,1000000.0
0.6924,1.885176e-12,1000000.0
0.6936,1.885956e-12,1000000.0
0.6948,1.870208e-12,1000000.0
0.6960,1.868417e-12,1000000.0
0.6972,1.888071e-12,1000000.0
0.6984,1.875712e-12,1000000.0
0.6996,1.873888e-12,1000000.0
0.7008,1.853732e-12,1000000.0
0.7020,1.854051e-12,1000000.0
0.7032,1.838571e-12,1000000.0
0.7044,1.843263e-12,1000000.0
0.7056,1.842891e-12,1000000.0
0.7068,1.832423e-12,1000000.0
0.7080,1.837757e-12,1000000.0
0.7092,1.848168e-12,1000000.0
0.7104,1.845867e-12,1000000.0
0.7116,1.831811e-12,1000000.0
0.7128,1.828658e-12,1000000.0
0.7140,1.830627e-12,1000000.0
0.7152,1.838791e-12,1000000.0
0.7164,1.801024e-12,1000000.0
0.7176,1.819243e-12,1000000.0
0.7188,1.829674e-12,1000000.0
0.7200,1.799161e-12,1000000.0
0.7212,1.819649e-12,1000000.0
0.7224,1.808280e-12,1000000.0
0.7236,1.797800e-12,1000000.0
0.7248,1.789943e-12,1000000.0
0.7260,1.788355e-12,1000000.0
0.7272,1.785984e-12,1000000.0
0.7284,1.781129e-12,1000000.0
0.7296,1.782531e-12,1000000.0
0.7308,1.763494e-12,1000000.0
0.7320,1.767928e-12,1000000.0
0.7332,1.770313e-12,1000000.0
0.7344,1.768637e-12,1000000.0
0.7356,1.759206e-12,1000000.0
0.7368,1.771630e-12,1000000.0
0.7380,1.762116e-12,1000000.0
0.7392,1.745655e-12,1000000.0
0.7404,1.724564e-12,1000000.0
0.7416,1.742432e-12,1000000.0
0.7428,1.743276e-12,1000000.0
0.7440,1.716576e-12,1000000.0
0.7452,1.719832e-12,1000000.0
0.7464,1.720257e-12,1000000.0
0.7476,1.716620e-12,1000000.0
0.7488,1.738860e-12,1000000.0
0.7500,1.704190e-12,1000000.0
0.7512,1.693683e-12,1000000.0
0.7524,1.705047e-12,1000000.0
0.7536,1.699367e-12,1000000.0
0.7548,1.686761e-12,1000000.0
0.7560,1.683568e-12,1000000.0
0.7572,1.671234e-12,1000000.0
0.7584,1.687149e-12,1000000.0
0.7596,1.674853e-12,1000000.0
0.7608,1.661019e-12,1000000.0
0.7620,1.651198e-12,1000000.0
0.7632,1.639844e-12,1000000.0
0.7644,1.631542e-12,1000000.0
0.7656,1.649385e-12,1000000.0
0.7668,1.637568e-12,1000000.0
0.7680,1.634005e-12,1000000.0
0.7692,1.631876e-12,1000000.0
0.7704,1.618509e-12,1000000.0
0.7716,1.623139e-12,1000000.0
0.7728,1.610757e-12,1000000.0
0.7740,1.619310e-12,1000000.0
0.7752,1.608032e-12,1000000.0
0.7764,1.603252e-12,1000000.0
0.7776,1.602371e-12,1000000.0
0.7788,1.594440e-12,1000000.0
0.7800,1.585664e-12,1000000.0
0.7812,1.562328e-12,1000000.0
0.7824,1.582571e-12,1000000.0
0.7836,1.578132e-12,1000000.0
0.7848,1.555234e-12,1000000.0
0.7860,1.552477e-12,1000000.0
0.7872,1.566744e-12,1000000.0
0.7884,1.558645e-12,1000000.0
0.7896,1.541238e-12,1000000.0
0.7908,1.558295e-12,1000000.0
0.7920,1.546016e-12,1000000.0
0.7932,1.550444e-12,1000000.0
0.7944,1.512694e-12,1000000.0
0.7956,1.504360e-12,1000000.0
0.7968,1.507973e-12,1000000.0
0.7980,1.509687e-12,1000000.0
0.7992,1.515134e-12,1000000.0
0.8004,1.490132e-12,1000000.0
0.8016,1.496160e-12,1000000.0
0.8028,1.485345e-12,1000000.0
0.8040,1.465233e-12,1000000.0
0.8052,1.472011e-12,1000000.0
0.8064,1.448525e-12,1000000.0
0.8076,1.465491e-12,1000000.0
0.8088,1.471681e-12,1000000.0
0.8100,1.447374e-12,1000000.0
0.8112,1.456882e-12,1000000.0
0.8124,1.458901e-12,1000000.0
0.8136,1.438423e-12,1000000.0
0.8148,1.447502e-12,1000000.0
0.8160,1.430477e-12,1000000.0
0.8172,1.435264e-12,1000000.0
0.8184,1.408905e-12,1000000.0
0.8196,1.418901e-12,1000000.0
0.8208,1.414753e-12,1000000.0
0.8220,1.395039e-12,1000000.0
0.8232,1.389728e-12,1000000.0
0.8244,1.373058e-12,1000000.0
0.8256,1.392877e-12,1000000.0
0.8268,1.381407e-12,1000000.0
0.8280,1.365940e-12,1000000.0
0.8292,1.364808e-12,1000000.0
0.8304,1.352232e-12,1000000.0
0.8316,1.361759e-12,1000000.0
0.8328,1.350607e-12,1000000.0
0.8340,1.347032e-12,1000000.0
0.8352,1.329630e-12,1000000.0
0.8364,1.318561e-12,1000000.0
0.8376,1.328080e-12,1000000.0
0.8388,1.322104e-12,1000000.0
0.8400,1.290905e-12,1000000.0
0.8412,1.292972e-12,1000000.0
0.8424,1.296854e-12,1000000.0
0.8436,1.287333e-12,1000000.0
0.8448,1.281776e-12,1000000.0
0.8460,1.276828e-12,1000000.0
0.8472,1.268953e-12,1000000.0
0.8484,1.249360e-12,1000000.0
0.8496,1.246032e-12,1000000.0
0.8508,1.268208e-12,1000000.0
0.8520,1.252185e-12,1000000.0
0.8532,1.241882e-12,1000000.0
0.8544,1.243661e-12,1000000.0
0.8556,1.239845e-12,1000000.0
0.8568,1.241988e-12,1000000.0
0.8580,1.205624e-12,1000000.0
0.8592,1.222900e-12,1000000.0
0.8604,1.205528e-12,1000000.0
0.8616,1.196055e-12,1000000.0
0.8628,1.203508e-12,1000000.0
0.8640,1.200208e-12,1000000.0
0.8652,1.187639e-12,1000000.0
0.8664,1.163449e-12,1000000.0
0.8676,1.187665e-12,1000000.0
0.8688,1.173853e-12,1000000.0
0.8700,1.167785e-12,1000000.0
0.8712,1.152785e-12,1000000.0
0.8724,1.152794e-12,1000000.0
0.8736,1.135654e-12,1000000.0
0.8748,1.143523e-12,1000000.0
0.8760,1.128969e-12,1000000.0
0.8772,1.120805e-12,1000000.0
0.8784,1.117763e-12,1000000.0
0.8796,1.107124e-12,1000000.0
0.8808,1.111038e-12,1000000.0
0.8820,1.100003e-12,1000000.0
0.8832,1.098157e-12,1000000.0
0.8844,1.081770e-12,1000000.0
0.8856,1.087055e-12,1000000.0
0.8868,1.066889e-12,1000000.0
0.8880,1.048806e-12,1000000.0
0.8892,1.050112e-12,1000000.0
0.8904,1.028682e-12,1000000.0
0.8916,1.044026e-12,1000000.0
0.8928,1.022967e-12,1000000.0
0.8940,1.042557e-12,1000000.0
0.8952,1.029189e-12,1000000.0
0.8964,1.022101e-12,1000000.0
0.8976,1.010652e-12,1000000.0
0.8988,1.001197e-12,1000000.0
0.9000,1.023365e-12,1000000.0
0.9012,9.970759e-13,1000000.0
0.9024,9.857702e-13,1000000.0
0.9036,9.805381e-13,1000000.0
0.9048,9.595337e-13,1000000.0
0.9060,9.660182e-13,1000000.0
0.9072,9.608946e-13,1000000.0
0.9084,9.476466e-13,1000000.0
0.9096,9.378838e-13,1000000.0
0.9108,9.525572e-13,1000000.0
0.9120,9.408224e-13,1000000.0
0.9132,9.277401e-13,1000000.0
0.9144,9.329062e-13,1000000.0
0.9156,9.208455e-13,1000000.0
0.9168,8.950146e-13,1000000.0
0.9180,9.041024e-13,1000000.0
0.9192,9.055241e-13,1000000.0
0.9204,8.980718e-13,1000000.0
0.9216,8.843323e-13,1000000.0
0.9228,8.736473e-13,1000000.0
0.9240,8.891167e-13,1000000.0
0.9252,8.670679e-13,1000000.0
0.9264,8.590355e-13,1000000.0
0.9276,8.410157e-13,1000000.0
0.9288,8.538045e-13,1000000.0
0.9300,8.530909e-13,1000000.0
0.9312,8.478009e-13,1000000.0
0.9324,8.364196e-13,1000000.0
0.9336,8.127216e-13,1000000.0
0.9348,8.386736e-13,1000000.0
0.9360,8.015113e-13,1000000.0
0.9372,8.036382e-13,1000000.0
0.9384,8.004860e-13,1000000.0
0.9396,7.810075e-13,1000000.0
0.9408,7.803100e-13,1000000.0
0.9420,7.855019e-13,1000000.0
0.9432,7.701793e-13,1000000.0
0.9444,7.673245e-13,1000000.0
0.9456,7.683820e-13,1000000.0
0.9468,7.534404e-13,1000000.0
0.9480,7.632323e-13,1000000.0
0.9492,7.375335e-13,1000000.0
0.9504,7.529595e-13,1000000.0
0.9516,7.488353e-13,1000000.0
0.9528,7.399226e-13,1000000.0
0.9540,7.334101e-13,1000000.0
0.9552,7.229041e-13,1000000.0
0.9564,6.957727e-13,1000000.0
0.9576,7.180260e-13,1000000.0
0.9588,7.011425e-13,1000000.0
0.9600,6.847379e-13,1000000.0
0.9612,6.724225e-13,1000000.0
0.9624,6.899853e-13,1000000.0
0.9636,6.575709e-13,1000000.0
0.9648,6.744529e-13,1000000.0
0.9660,6.392324e-13,1000000.0
0.9672,6.582363e-13,1000000.0
0.9684,6.540306e-13,1000000.0
0.9696,6.468587e-13,1000000.0
0.9708,6.350440e-13,1000000.0
0.9720,6.405620e-13,1000000.0
0.9732,6.114846e-13,1000000.0
0.9744,6.315175e-13,1000000.0
0.9756,6.132308e-13,1000000.0
0.9768,5.805113e-13,1000000.0
0.9780,6.017491e-13,1000000.0
0.9792,5.972825e-13,1000000.0
0.9804,5.855561e-13,1000000.0
0.9816,5.896064e-13,1000000.0
0.9828,5.849465e-13,1000000.0
0.9840,5.808940e-13,1000000.0
0.9852,5.568592e-13,1000000.0
0.9864,5.587977e-13,1000000.0
0.9876,5.661149e-13,1000000.0
0.9888,5.546325e-13,1000000.0
0.9900,5.507316e-13,1000000.0
0.9912,5.436615e-13,1000000.0
0.9924,5.474884e-13,1000000.0
0.9936,5.056670e-13,1000000.0
0.9948,5.302330e-13,1000000.0
0.9960,5.217488e-13,1000000.0
0.9972,5.142305e-13,1000000.0
0.9984,4.938647e-13,1000000.0
0.9996,5.169689e-13,1000000.0
1.0008,5.046913e-13,1000000.0
1.0020,5.015796e-13,1000000.0
1.0032,4.742754e-13,1000000.0
1.0044,4.785553e-13,1000000.0
1.0056,4.759042e-13,1000000.0
1.0068,4.712949e-13,1000000.0
1.0080,4.881450e-13,1000000.0
1.0092,4.591821e-13,1000000.0
1.0104,4.529608e-13,1000000.0
1.0116,4.503057e-13,1000000.0
1.0128,4.453258e-13,1000000.0
1.0140,4.464557e-13,1000000.0
1.0152,4.317860e-13,1000000.0
1.0164,4.246377e-13,1000000.0
1.0176,4.169891e-13,1000000.0
1.0188,4.084995e-13,1000000.0
1.0200,4.333107e-13,1000000.0
1.0212,3.946386e-13,1000000.0
1.0224,4.115626e-13,1000000.0
1.0236,3.953386e-13,1000000.0
1.0248,3.821589e-13,1000000.0
1.0260,3.697398e-13,1000000.0
1.0272,3.721033e-13,1000000.0
1.0284,3.800465e-13,1000000.0
1.0296,3.798486e-13,1000000.0
1.0308,3.576240e-13,1000000.0
1.0320,3.676175e-13,1000000.0
1.0332,3.671270e-13,1000000.0
1.0344,3.645655e-13,1000000.0
1.0356,3.401455e-13,1000000.0
1.0368,3.491126e-13,1000000.0
1.0380,3.480375e-13,1000000.0
1.0392,3.344153e-13,1000000.0
1.0404,3.231211e-13,1000000.0
1.0416,3.186787e-13,1000000.0
1.0428,3.091321e-13,1000000.0
1.0440,3.164551e-13,1000000.0
1.0452,3.162030e-13,1000000.0
1.0464,3.075051e-13,1000000.0
1.0476,3.141313e-13,1000000.0
1.0488,3.142414e-13,1000000.0
1.0500,3.057858e-13,1000000.0
1.0512,2.898139e-13,1000000.0
1.0524,2.866087e-13,1000000.0
1.0536,2.691132e-13,1000000.0
1.0548,2.724286e-13,1000000.0
1.0560,2.932052e-13,1000000.0
1.0572,2.644862e-13,1000000.0
1.0584,2.528176e-13,1000000.0
1.0596,2.526471e-13,1000000.0
1.0608,2.547365e-13,1000000.0
1.0620,2.374498e-13,1000000.0
1.0632,2.449796e-13,1000000.0
1.0644,2.595352e-13,1000000.0
1.0656,2.425824e-13,1000000.0
1.0668,2.476822e-13,1000000.0
1.0680,2.353514e-13,1000000.0
1.0692,2.262163e-13,1000000.0
1.0704,2.275118e-13,1000000.0
1.0716,2.153149e-13,1000000.0
1.0728,2.188175e-13,1000000.0
1.0740,1.883242e-13,1000000.0
1.0752,1.978438e-13,1000000.0
1.0764,1.963531e-13,1000000.0
1.0776,1.716624e-13,1000000.0
1.0788,1.887377e-13,1000000.0
1.0800,1.770230e-13,1000000.0
1.0812,1.861619e-13,1000000.0
1.0824,1.738008e-13,1000000.0
1.0836,1.797488e-13,1000000.0
1.0848,1.597558e-13,1000000.0
1.0860,1.764196e-13,1000000.0
1.0872,1.599468e-13,1000000.0
1.0884,1.606012e-13,1000000.0
1.0896,1.608296e-13,1000000.0
1.0908,1.643015e-13,1000000.0
1.0920,1.574950e-13,1000000.0
1.0932,1.497521e-13,1000000.0
1.0944,1.608646e-13,1000000.0
1.0956,1.348169e-13,1000000.0
1.0968,1.354340e-13,1000000.0
1.0980,1.593170e-13,1000000.0
1.0992,1.182900e-13,1000000.0
1.1004,1.311933e-13,1000000.0
1.1016,1.239529e-13,1000000.0
1.1028,1.385603e-13,1000000.0
1.1040,1.249307e-13,1000000.0
1.1052,1.156488e-13,1000000.0
1.1064,1.167822e-13,1000000.0
1.1076,1.285517e-13,1000000.0
1.1088,1.118735e-13,1000000.0
1.1100,1.074902e-13,1000000.0
1.1112,1.045152e-13,1000000.0
1.1124,1.276336e-13,1000000.0
1.1136,1.142104e-13,1000000.0
1.1148,1.061228e-13,1000000.0
1.1160,1.003602e-13,1000000.0
1.1172,1.020130e-13,1000000.0
1.1184,8.035870e-14,1000000.0
1.1196,8.643349e-14,1000000.0
1.1208,6.788204e-14,1000000.0
1.1220,9.602631e-14,1000000.0
1.1232,7.505657e-14,1000000.0
1.1244,8.154997e-14,1000000.0
1.1256,8.727352e-14,1000000.0
1.1268,5.613613e-14,1000000.0
1.1280,6.481804e-14,1000000.0
1.1292,5.938993e-14,1000000.0
1.1304,6.338855e-14,1000000.0
1.1316,5.507860e-14,1000000.0
1.1328,6.405962e-14,1000000.0
1.1340,4.918630e-14,1000000.0
1.1352,4.931627e-14,1000000.0
1.1364,5.631969e-14,1000000.0
1.1376,5.655266e-14,1000000.0
1.1388,3.843315e-14,1000000.0
1.1400,3.748129e-14,1000000.0
1.1412,5.437639e-14,1000000.0
1.1424,2.569724e-14,1000000.0
1.1436,5.188612e-14,1000000.0
1.1448,4.272333e-14,1000000.0
1.1460,3.831222e-14,1000000.0
1.1472,3.934621e-14,1000000.0
1.1484,3.369465e-14,1000000.0
1.1496,3.157846e-14,1000000.0
1.1508,2.954431e-14,1000000.0
1.1520,3.622660e-14,1000000.0
1.1532,2.507478e-14,1000000.0
1.1544,1.066819e-14,1000000.0
1.1556,1.468847e-14,1000000.0
1.1568,3.371194e-14,1000000.0
1.1580,1.252019e-14,1000000.0
1.1592,1.673319e-14,1000000.0
1.1604,3.345723e-14,1000000.0
1.1616,1.033153e-14,1000000.0
1.1628,2.117083e-14,1000000.0
1.1640,1.821694e-14,1000000.0
1.1652,2.406018e-14,1000000.0
1.1664,2.356092e-14,1000000.0
1.1676,-5.359345e-15,1000000.0
1.1688,-8.271928e-16,1000000.0
1.1700,1.732225e-14,1000000.0
1.1712,2.325877e-14,1000000.0
1.1724,3.975740e-15,1000000.0
1.1736,2.237505e-14,1000000.0
1.1748,1.997276e-14,1000000.0
1.1760,1.150397e-14,1000000.0
1.1772,4.553238e-15,1000000.0
1.1784,3.611268e-14,1000000.0
1.1796,3.600293e-15,1000000.0
1.1808,1.481495e-14,1000000.0
1.1820,1.241778e-14,1000000.0
1.1832,-1.000744e-14,1000000.0
1.1844,-1.196736e-14,1000000.0
1.1856,-3.493547e-15,1000000.0
1.1868,1.899229e-16,1000000.0
1.1880,-1.917363e-14,1000000.0
1.1892,-9.198694e-15,1000000.0
1.1904,-1.823437e-15,1000000.0
1.1916,7.939826e-16,1000000.0
1.1928,1.309853e-14,1000000.0
1.1940,-1.048470e-14,1000000.0
1.1952,-2.047126e-14,1000000.0
1.1964,-2.123604e-15,1000000.0
1.1976,-1.099833e-14,1000000.0
1.1988,1.610382e-14,1000000.0
1.2000,5.737706e-16,1000000.0
1.2012,1.982410e-15,1000000.0
1.2024,9.059586e-15,1000000.0
1.2036,-3.050783e-15,1000000.0
1.2048,2.728400e-15,1000000.0
1.2060,2.730546e-15,1000000.0
1.2072,2.612594e-15,1000000.0
1.2084,-9.672668e-15,1000000.0
1.2096,-8.303540e-15,1000000.0
1.2108,8.860050e-15,1000000.0
1.2120,7.901735e-15,1000000.0
1.2132,2.172580e-14,1000000.0
1.2144,8.921942e-15,1000000.0
1.2156,-9.122838e-15,1000000.0
1.2168,-8.753868e-15,1000000.0
1.2180,1.333336e-15,1000000.0
1.2192,2.254883e-15,1000000.0
1.2204,1.928927e-15,1000000.0
1.2216,-1.025791e-14,1000000.0
1.2228,6.992441e-15,1000000.0
1.2240,7.615366e-15,1000000.0
1.2252,-9.552055e-15,1000000.0
1.2264,1.566154e-15,1000000.0
1.2276,2.136292e-14,1000000.0
1.2288,-4.309361e-15,1000000.0
1.2300,2.229387e-14,1000000.0
1.2312,9.396311e-15,1000000.0
1.2324,8.620625e-15,1000000.0
1.2336,3.552649e-14,1000000.0
1.2348,-1.080555e-14,1000000.0
1.2360,1.666311e-14,1000000.0
1.2372,3.134188e-14,1000000.0
1.2384,3.454732e-14,1000000.0
1.2396,4.577056e-14,1000000.0
1.2408,8.670851e-15,1000000.0
1.2420,1.950005e-14,1000000.0
1.2432,9.742174e-15,1000000.0
1.2444,2.246340e-14,1000000.0
1.2456,3.855797e-14,1000000.0
1.2468,3.700101e-14,1000000.0
1.2480,4.596003e-14,1000000.0
1.2492,2.244850e-14,1000000.0
1.2504,3.568072e-14,1000000.0
1.2516,1.895051e-14,1000000.0
1.2528,4.490887e-14,1000000.0
1.2540,1.938371e-14,1000000.0
1.2552,5.267178e-14,1000000.0
1.2564,2.184924e-14,1000000.0
1.2576,4.587021e-14,1000000.0
1.2588,3.862601e-14,1000000.0
1.2600,5.018302e-14,1000000.0
1.2612,5.489446e-14,1000000.0
1.2624,8.172184e-14,1000000.0
1.2636,4.575534e-14,1000000.0
1.2648,6.609228e-14,1000000.0
1.2660,8.005978e-14,1000000.0
1.2672,5.445940e-14,1000000.0
1.2684,8.138232e-14,1000000.0
1.2696,5.551028e-14,1000000.0
1.2708,7.050492e-14,1000000.0
1.2720,7.206989e-14,1000000.0
1.2732,6.662122e-14,1000000.0
1.2744,6.221071e-14,1000000.0
1.2756,7.777136e-14,1000000.0
1.2768,8.173617e-14,1000000.0
1.2780,8.731409e-14,1000000.0
1.2792,7.828723e-14,1000000.0
1.2804,9.079700e-14,1000000.0
1.2816,9.173142e-14,1000000.0
1.2828,8.777813e-14,1000000.0
1.2840,8.232093e-14,1000000.0
1.2852,1.083117e-13,1000000.0
1.2864,1.193796e-13,1000000.0
1.2876,1.093250e-13,1000000.0
1.2888,1.032879e-13,1000000.0
1.2900,1.366071e-13,1000000.0
1.2912,1.077849e-13,1000000.0
1.2924,1.242840e-13,1000000.0
1.2936,1.119722e-13,1000000.0
1.2948,1.225091e-13,1000000.0
1.2960,1.402246e-13,1000000.0
1.2972,1.222656e-13,1000000.0
1.2984,1.163480e-13,1000000.0
1.2996,1.402023e-13,1000000.0
1.3008,1.307073e-13,1000000.0
1.3020,1.187576e-13,1000000.0
1.3032,1.509574e-13,1000000.0
1.3044,1.470893e-13,1000000.0
1.3056,1.548463e-13,1000000.0
1.3068,1.543108e-13,1000000.0
1.3080,1.573580e-13,1000000.0
1.3092,1.700451e-13,1000000.0
1.3104,1.687673e-13,1000000.0
1.3116,1.656418e-13,1000000.0
1.3128,1.588000e-13,1000000.0
1.3140,1.701611e-13,1000000.0
1.3152,1.817263e-13,1000000.0
1.3164,1.867043e-13,1000000.0
1.3176,1.980518e-13,1000000.0
1.3188,1.970214e-13,1000000.0
1.3200,2.136967e-13,1000000.0
1.3212,2.038956e-13,1000000.0
1.3224,1.877767e-13,1000000.0
1.3236,2.027163e-13,1000000.0
1.3248,2.084187e-13,1000000.0
1.3260,2.136500e-13,1000000.0
1.3272,2.047245e-13,1000000.0
1.3284,2.338823e-13,1000000.0
1.3296,2.268523e-13,1000000.0
1.3308,2.287710e-13,1000000.0
1.3320,2.425557e-13,1000000.0
1.3332,2.365356e-13,1000000.0
1.3344,2.338881e-13,1000000.0
1.3356,2.485171e-13,1000000.0
1.3368,2.291648e-13,1000000.0
1.3380,2.444581e-13,1000000.0
1.3392,2.448266e-13,1000000.0
1.3404,2.612848e-13,1000000.0
1.3416,2.520230e-13,1000000.0
1.3428,2.574654e-13,1000000.0
1.3440,3.009433e-13,1000000.0
1.3452,2.538027e-13,1000000.0
1.3464,2.912662e-13,1000000.0
1.3476,2.896979e-13,1000000.0
1.3488,2.920565e-13,1000000.0
1.3500,2.915681e-13,1000000.0
1.3512,2.999747e-13,1000000.0
1.3524,3.007867e-13,1000000.0
1.3536,3.105223e-13,1000000.0
1.3548,3.116995e-13,1000000.0
1.3560,3.291543e-13,1000000.0
1.3572,3.063937e-13,1000000.0
1.3584,3.173545e-13,1000000.0
1.3596,3.317150e-13,1000000.0
1.3608,3.331310e-13,1000000.0
1.3620,3.544989e-13,1000000.0
1.3632,3.482163e-13,1000000.0
1.3644,3.485343e-13,1000000.0
1.3656,3.504080e-13,1000000.0
1.3668,3.603647e-13,1000000.0
1.3680,3.788791e-13,1000000.0
1.3692,3.745509e-13,1000000.0
1.3704,3.682582e-13,1000000.0
1.3716,3.802484e-13,1000000.0
1.3728,3.840097e-13,1000000.0
1.3740,4.016839e-13,1000000.0
1.3752,4.044539e-13,1000000.0
1.3764,3.962758e-13,1000000.0
1.3776,4.077595e-13,1000000.0
1.3788,4.282411e-13,1000000.0
1.3800,4.026901e-13,1000000.0
1.3812,4.059636e-13,1000000.0
1.3824,4.239409e-13,1000000.0
1.3836,4.218140e-13,1000000.0
1.3848,4.427282e-13,1000000.0
1.3860,4.391419e-13,1000000.0
1.3872,4.450507e-13,1000000.0
1.3884,4.576529e-13,1000000.0
1.3896,4.520585e-13,1000000.0
1.3908,4.579589e-13,1000000.0
1.3920,4.792604e-13,1000000.0
1.3932,4.810941e-13,1000000.0
1.3944,4.733717e-13,1000000.0
1.3956,4.866389e-13,1000000.0
1.3968,4.661261e-13,1000000.0
1.3980,4.879361e-13,1000000.0
1.3992,5.138392e-13,1000000.0
1.4004,4.936854e-13,1000000.0
1.4016,5.088834e-13,1000000.0
1.4028,5.059916e-13,1000000.0
1.4040,5.105666e-13,1000000.0
1.4052,5.157930e-13,1000000.0
1.4064,5.086510e-13,1000000.0
1.4076,5.401128e-13,1000000.0
1.4088,5.305067e-13,1000000.0
1.4100,5.388185e-13,1000000.0
1.4112,5.640528e-13,1000000.0
1.4124,5.630561e-13,1000000.0
1.4136,5.537546e-13,1000000.0
1.4148,5.782048e-13,1000000.0
1.4160,5.735238e-13,1000000.0
1.4172,5.825490e-13,1000000.0
1.4184,5.948949e-13,1000000.0
1.4196,6.003423e-13,1000000.0
1.4208,6.146923e-13,1000000.0
1.4220,6.089054e-13,1000000.0
1.4232,5.970400e-13,1000000.0
1.4244,6.040618e-13,1000000.0
1.4256,6.081530e-13,1000000.0
1.4268,6.159457e-13,1000000.0
1.4280,6.428067e-13,1000000.0
1.4292,6.533826e-13,1000000.0
1.4304,6.519317e-13,1000000.0
1.4316,6.542496e-13,1000000.0
1.4328,6.553539e-13,1000000.0
1.4340,6.618672e-13,1000000.0
1.4352,6.634137e-13,1000000.0
1.4364,6.722638e-13,1000000.0
1.4376,6.723405e-13,1000000.0
1.4388,6.699025e-13,1000000.0
1.4400,6.831403e-13,1000000.0
1.4412,6.746313e-13,1000000.0
1.4424,7.166293e-13,1000000.0
1.4436,7.208480e-13,1000000.0
1.4448,7.178875e-13,1000000.0
1.4460,7.221389e-13,1000000.0
1.4472,7.315174e-13,1000000.0
1.4484,7.338895e-13,1000000.0
1.4496,7.450294e-13,1000000.0
1.4508,7.377338e-13,1000000.0
1.4520,7.272222e-13,1000000.0
1.4532,7.354236e-13,1000000.0
1.4544,7.627962e-13,1000000.0
1.4556,7.614981e-13,1000000.0
1.4568,7.821040e-13,1000000.0
1.4580,7.779203e-13,1000000.0
1.4592,7.980845e-13,1000000.0
1.4604,8.092664e-13,1000000.0
1.4616,8.026264e-13,1000000.0
1.4628,7.993978e-13,1000000.0
1.4640,8.130337e-13,1000000.0
1.4652,8.263570e-13,1000000.0
1.4664,8.238412e-13,1000000.0
1.4676,8.443758e-13,1000000.0
1.4688,8.323498e-13,1000000.0
1.4700,8.544188e-13,1000000.0
1.4712,8.545237e-13,1000000.0
1.4724,8.430728e-13,1000000.0
1.4736,8.518156e-13,1000000.0
1.4748,8.715563e-13,1000000.0
1.4760,8.775117e-13,1000000.0
1.4772,8.850586e-13,1000000.0
1.4784,8.831933e-13,1000000.0
1.4796,8.909643e-13,1000000.0
1.4808,9.042599e-13,1000000.0
1.4820,9.160297e-13,1000000.0
1.4832,9.088690e-13,1000000.0
1.4844,9.290388e-13,1000000.0
1.4856,9.165200e-13,1000000.0
1.4868,9.307903e-13,1000000.0
1.4880,9.457166e-13,1000000.0
1.4892,9.435362e-13,1000000.0
1.4904,9.574280e-13,1000000.0
1.4916,9.535968e-13,1000000.0
1.4928,9.685321e-13,1000000.0
1.4940,9.656526e-13,1000000.0
1.4952,9.878761e-13,1000000.0
1.4964,9.867546e-13,1000000.0
1.4976,9.696112e-13,1000000.0
1.4988,9.849603e-13,1000000.0
1.5000,1.007551e-12,1000000.0
1.5012,1.023110e-12,1000000.0
1.5024,1.012737e-12,1000000.0
1.5036,1.022273e-12,1000000.0
1.5048,1.010288e-12,1000000.0
1.5060,1.022837e-12,1000000.0
1.5072,1.044804e-12,1000000.0
1.5084,1.055572e-12,1000000.0
1.5096,1.064505e-12,1000000.0
1.5108,1.053624e-12,1000000.0
1.5120,1.072136e-12,1000000.0
1.5132,1.072594e-12,1000000.0
1.5144,1.082144e-12,1000000.0
1.5156,1.109411e-12,1000000.0
1.5168,1.079141e-12,1000000.0
1.5180,1.064273e-12,1000000.0
1.5192,1.112730e-12,1000000.0
1.5204,1.117209e-12,1000000.0
1.5216,1.108248e-12,1000000.0
1.5228,1.129305e-12,1000000.0
1.5240,1.137100e-12,1000000.0
1.5252,1.144363e-12,1000000.0
1.5264,1.130496e-12,1000000.0
1.5276,1.138990e-12,1000000.0
1.5288,1.143685e-12,1000000.0
1.5300,1.149116e-12,1000000.0
1.5312,1.160018e-12,1000000.0
1.5324,1.164936e-12,1000000.0
1.5336,1.187636e-12,1000000.0
1.5348,1.174053e-12,1000000.0
1.5360,1.192946e-12,1000000.0
1.5372,1.210369e-12,1000000.0
1.5384,1.203200e-12,1000000.0
1.5396,1.217735e-12,1000000.0
1.5408,1.212600e-12,1000000.0
1.5420,1.221971e-12,1000000.0
1.5432,1.225295e-12,1000000.0
1.5444,1.237152e-12,1000000.0
1.5456,1.218341e-12,1000000.0
1.5468,1.225815e-12,1000000.0
1.5480,1.253229e-12,1000000.0
1.5492,1.259253e-12,1000000.0
1.5504,1.266896e-12,1000000.0
1.5516,1.260900e-12,1000000.0
1.5528,1.288208e-12,1000000.0
1.5540,1.279808e-12,1000000.0
1.5552,1.296636e-12,1000000.0
1.5564,1.277561e-12,1000000.0
1.5576,1.291480e-12,1000000.0
1.5588,1.302584e-12,1000000.0
1.5600,1.323156e-12,1000000.0
1.5612,1.309893e-12,1000000.0
1.5624,1.324871e-12,1000000.0
1.5636,1.335022e-12,1000000.0
1.5648,1.318391e-12,1000000.0
1.5660,1.331092e-12,1000000.0
1.5672,1.325334e-12,1000000.0
1.5684,1.352134e-12,1000000.0
1.5696,1.329558e-12,1000000.0
1.5708,1.359460e-12,1000000.0
1.5720,1.362796e-12,1000000.0
1.5732,1.363025e-12,1000000.0
1.5744,1.374371e-12,1000000.0
1.5756,1.408827e-12,1000000.0
1.5768,1.387343e-12,1000000.0
1.5780,1.389813e-12,1000000.0
1.5792,1.411230e-12,1000000.0
1.5804,1.402681e-12,1000000.0
1.5816,1.405250e-12,1000000.0
1.5828,1.416741e-12,1000000.0
1.5840,1.426402e-12,1000000.0
1.5852,1.429863e-12,1000000.0
1.5864,1.436063e-12,1000000.0
1.5876,1.444609e-12,1000000.0
1.5888,1.451163e-12,1000000.0
1.5900,1.431652e-12,1000000.0
1.5912,1.465608e-12,1000000.0
1.5924,1.474614e-12,1000000.0
1.5936,1.459161e-12,1000000.0
1.5948,1.480176e-12,1000000.0
1.5960,1.486729e-12,1000000.0
1.5972,1.504406e-12,1000000.0
1.5984,1.490952e-12,1000000.0
1.5996,1.495598e-12,1000000.0
1.6008,1.481320e-12,1000000.0
1.6020,1.506686e-12,1000000.0
1.6032,1.521681e-12,1000000.0
1.6044,1.518774e-12,1000000.0
1.6056,1.517367e-12,1000000.0
1.6068,1.532951e-12,1000000.0
1.6080,1.521646e-12,1000000.0
1.6092,1.528715e-12,1000000.0
1.6104,1.545541e-12,1000000.0
1.6116,1.557185e-12,1000000.0
1.6128,1.547470e-12,1000000.0
1.6140,1.581522e-12,1000000.0
1.6152,1.575019e-12,1000000.0
1.6164,1.566546e-12,1000000.0
1.6176,1.576017e-12,1000000.0
1.6188,1.593750e-12,1000000.0
1.6200,1.580773e-12,1000000.0
1.6212,1.605065e-12,1000000.0
1.6224,1.583086e-12,1000000.0
1.6236,1.607710e-12,1000000.0
1.6248,1.601603e-12,1000000.0
1.6260,1.623049e-12,1000000.0
1.6272,1.609075e-12,1000000.0
1.6284,1.627420e-12,1000000.0
1.6296,1.630246e-12,1000000.0
1.6308,1.628868e-12,1000000.0
1.6320,1.634505e-12,1000000.0
1.6332,1.638368e-12,1000000.0
1.6344,1.653957e-12,1000000.0
1.6356,1.650107e-12,1000000.0
1.6368,1.658802e-12,1000000.0
1.6380,1.647142e-12,1000000.0
1.6392,1.672458e-12,1000000.0
1.6404,1.677852e-12,1000000.0
1.6416,1.669713e-12,1000000.0
1.6428,1.680819e-12,1000000.0
1.6440,1.671915e-12,1000000.0
1.6452,1.675846e-12,1000000.0
1.6464,1.677896e-12,1000000.0
1.6476,1.682822e-12,1000000.0
1.6488,1.701649e-12,1000000.0
1.6500,1.706006e-12,1000000.0
1.6512,1.710789e-12,1000000.0
1.6524,1.736428e-12,1000000.0
1.6536,1.721996e-12,1000000.0
1.6548,1.722896e-12,1000000.0
1.6560,1.721590e-12,1000000.0
1.6572,1.729583e-12,1000000.0
1.6584,1.738471e-12,1000000.0
1.6596,1.727519e-12,1000000.0
1.6608,1.751641e-12,1000000.0
1.6620,1.729745e-12,1000000.0
1.6632,1.745523e-12,1000000.0
1.6644,1.773151e-12,1000000.0
1.6656,1.758418e-12,1000000.0
1.6668,1.768093e-12,1000000.0
1.6680,1.780698e-12,1000000.0
1.6692,1.775126e-12,1000000.0
1.6704,1.785773e-12,1000000.0
1.6716,1.765958e-12,1000000.0
1.6728,1.790333e-12,1000000.0
1.6740,1.769408e-12,1000000.0
1.6752,1.826489e-12,1000000.0
1.6764,1.787270e-12,1000000.0
1.6776,1.809493e-12,1000000.0
1.6788,1.816176e-12,1000000.0
1.6800,1.801493e-12,1000000.0
1.6812,1.799866e-12,1000000.0
1.6824,1.808711e-12,1000000.0
1.6836,1.819830e-12,1000000.0
1.6848,1.818249e-12,1000000.0
1.6860,1.838375e-12,1000000.0
1.6872,1.846071e-12,1000000.0
1.6884,1.835098e-12,1000000.0
1.6896,1.832167e-12,1000000.0
1.6908,1.832625e-12,1000000.0
1.6920,1.840981e-12,1000000.0
1.6932,1.854395e-12,1000000.0
1.6944,1.853166e-12,1000000.0
1.6956,1.868807e-12,1000000.0
1.6968,1.848340e-12,1000000.0
1.6980,1.866720e-12,1000000.0
1.6992,1.879329e-12,1000000.0
1.7004,1.859198e-12,1000000.0
1.7016,1.852940e-12,1000000.0
1.7028,1.878860e-12,1000000.0
1.7040,1.876820e-12,1000000.0
1.7052,1.879419e-12,1000000.0
1.7064,1.880484e-12,1000000.0
1.7076,1.883717e-12,1000000.0
1.7088,1.898772e-12,1000000.0
1.7100,1.867854e-12,1000000.0
1.7112,1.885997e-12,1000000.0
1.7124,1.906609e-12,1000000.0
1.7136,1.908656e-12,1000000.0
1.7148,1.893820e-12,1000000.0
1.7160,1.898294e-12,1000000.0
1.7172,1.914383e-12,1000000.0
1.7184,1.918718e-12,1000000.0
1.7196,1.924489e-12,1000000.0
1.7208,1.913979e-12,1000000.0
1.7220,1.921219e-12,1000000.0
1.7232,1.914816e-12,1000000.0
1.7244,1.913417e-12,1000000.0
1.7256,1.911361e-12,1000000.0
1.7268,1.945193e-12,1000000.0
1.7280,1.924661e-12,1000000.0
1.7292,1.912055e-12,1000000.0
1.7304,1.926303e-12,1000000.0
1.7316,1.943868e-12,1000000.0
1.7328,1.938309e-12,1000000.0
1.7340,1.930249e-12,1000000.0
1.7352,1.943990e-12,1000000.0
1.7364,1.934075e-12,1000000.0
1.7376,1.940942e-12,1000000.0
1.7388,1.942936e-12,1000000.0
1.7400,1.952773e-12,1000000.0
1.7412,1.960338e-12,1000000.0
1.7424,1.936653e-12,1000000.0
1.7436,1.945442e-12,1000000.0
1.7448,1.975680e-12,1000000.0
1.7460,1.958547e-12,1000000.0
1.7472,1.963165e-12,1000000.0
1.7484,1.963100e-12,1000000.0
1.7496,1.974787e-12,1000000.0
1.7508,1.967820e-12,1000000.0
1.7520,1.976962e-12,1000000.0
1.7532,1.973676e-12,1000000.0
1.7544,1.986015e-12,1000000.0
1.7556,1.983241e-12,1000000.0
1.7568,1.978143e-12,1000000.0
1.7580,1.975174e-12,1000000.0
1.7592,1.959282e-12,1000000.0
1.7604,1.983068e-12,1000000.0
1.7616,1.983342e-12,1000000.0
1.7628,1.998747e-12,1000000.0
1.7640,1.972939e-12,1000000.0
1.7652,2.003520e-12,1000000.0
1.7664,1.961681e-12,1000000.0
1.7676,1.984241e-12,1000000.0
1.7688,2.001895e-12,1000000.0
1.7700,1.983225e-12,1000000.0
1.7712,2.008873e-12,1000000.0
1.7724,1.990070e-12,1000000.0
1.7736,1.984969e-12,1000000.0
1.7748,1.983162e-12,1000000.0
1.7760,1.969239e-12,1000000.0
1.7772,2.000991e-12,1000000.0
1.7784,1.993989e-12,1000000.0
1.7796,1.979570e-12,1000000.0
1.7808,2.002611e-12,1000000.0
1.7820,1.976292e-12,1000000.0
1.7832,1.988478e-12,1000000.0
1.7844,1.972508e-12,1000000.0
1.7856,2.004011e-12,1000000.0
1.7868,2.018146e-12,1000000.0
1.7880,2.004945e-12,1000000.0
1.7892,1.999931e-12,1000000.0
1.7904,2.009301e-12,1000000.0
1.7916,1.987908e-12,1000000.0
1.7928,1.979646e-12,1000000.0
1.7940,1.985340e-12,1000000.0
1.7952,1.986677e-12,1000000.0
1.7964,1.995761e-12,1000000.0
1.7976,2.006206e-12,1000000.0
1.7988,2.007051e-12,1000000.0
1.8000,2.006989e-12,1000000.0
1.8012,2.014111e-12,1000000.0
1.8024,2.005945e-12,1000000.0
1.8036,2.003102e-12,1000000.0
1.8048,1.989261e-12,1000000.0
1.8060,2.001590e-12,1000000.0
1.8072,2.000112e-12,1000000.0
1.8084,1.999658e-12,1000000.0
1.8096,1.998052e-12,1000000.0
1.8108,2.014757e-12,1000000.0
1.8120,2.009126e-12,1000000.0
1.8132,2.000788e-12,1000000.0
1.8144,1.983980e-12,1000000.0
1.8156,1.994696e-12,1000000.0
1.8168,1.995080e-12,1000000.0
1.8180,1.995239e-12,1000000.0
1.8192,1.981711e-12,1000000.0
1.8204,1.991280e-12,1000000.0
1.8216,2.015958e-12,1000000.0
1.8228,1.996055e-12,1000000.0
1.8240,1.973701e-12,1000000.0
1.8252,1.988997e-12,1000000.0
1.8264,1.981388e-12,1000000.0
1.8276,1.989525e-12,1000000.0
1.8288,2.006885e-12,1000000.0
1.8300,1.989754e-12,1000000.0
1.8312,1.976866e-12,1000000.0
1.8324,1.973082e-12,1000000.0
1.8336,1.998421e-12,1000000.0
1.8348,1.991613e-12,1000000.0
1.8360,1.983466e-12,1000000.0
1.8372,2.000655e-12,1000000.0
1.8384,1.983432e-12,1000000.0
1.8396,1.976610e-12,1000000.0
1.8408,1.968033e-12,1000000.0
1.8420,1.970890e-12,1000000.0
1.8432,1.981300e-12,1000000.0
1.8444,1.977113e-12,1000000.0
1.8456,1.969080e-12,1000000.0
1.8468,1.974021e-12,1000000.0
1.8480,1.979266e-12,1000000.0
1.8492,1.965229e-12,1000000.0
1.8504,1.989227e-12,1000000.0
1.8516,1.976457e-12,1000000.0
1.8528,1.957469e-12,1000000.0
1.8540,1.949064e-12,1000000.0
1.8552,1.963263e-12,1000000.0
1.8564,1.962635e-12,1000000.0
1.8576,1.938870e-12,1000000.0
1.8588,1.959946e-12,1000000.0
1.8600,1.951616e-12,1000000.0
1.8612,1.970939e-12,1000000.0
1.8624,1.936841e-12,1000000.0
1.8636,1.950606e-12,1000000.0
1.8648,1.947133e-12,1000000.0
1.8660,1.937449e-12,1000000.0
1.8672,1.929551e-12,1000000.0
1.8684,1.956845e-12,1000000.0
1.8696,1.931796e-12,1000000.0
1.8708,1.927195e-12,1000000.0
1.8720,1.947883e-12,1000000.0
1.8732,1.937461e-12,1000000.0
1.8744,1.910593e-12,1000000.0
1.8756,1.931461e-12,1000000.0
1.8768,1.911872e-12,1000000.0
1.8780,1.915099e-12,1000000.0
1.8792,1.938699e-12,1000000.0
1.8804,1.897417e-12,1000000.0
1.8816,1.915151e-12,1000000.0
1.8828,1.917887e-12,1000000.0
1.8840,1.905670e-12,1000000.0
1.8852,1.901254e-12,1000000.0
1.8864,1.885474e-12,1000000.0
1.8876,1.905589e-12,1000000.0
1.8888,1.904919e-12,1000000.0
1.8900,1.882061e-12,1000000.0
1.8912,1.887810e-12,1000000.0
1.8924,1.889863e-12,1000000.0
1.8936,1.868558e-12,1000000.0
1.8948,1.882461e-12,1000000.0
1.8960,1.855020e-12,1000000.0
1.8972,1.879230e-12,1000000.0
1.8984,1.848737e-12,1000000.0
1.8996,1.859412e-12,1000000.0
1.9008,1.865057e-12,1000000.0
1.9020,1.855218e-12,1000000.0
1.9032,1.843651e-12,1000000.0
1.9044,1.842897e-12,1000000.0
1.9056,1.860770e-12,1000000.0
1.9068,1.859105e-12,1000000.0
1.9080,1.842548e-12,1000000.0
1.9092,1.822506e-12,1000000.0
1.9104,1.830658e-12,1000000.0
1.9116,1.838929e-12,1000000.0
1.9128,1.824281e-12,1000000.0
1.9140,1.836106e-12,1000000.0
1.9152,1.821968e-12,1000000.0
1.9164,1.827293e-12,1000000.0
1.9176,1.821707e-12,1000000.0
1.9188,1.800451e-12,1000000.0
1.9200,1.822259e-12,1000000.0
1.9212,1.808442e-12,1000000.0
1.9224,1.804704e-12,1000000.0
1.9236,1.804036e-12,1000000.0
1.9248,1.782950e-12,1000000.0
1.9260,1.794329e-12,1000000.0
1.9272,1.784125e-12,1000000.0
1.9284,1.772314e-12,1000000.0
1.9296,1.782039e-12,1000000.0
1.9308,1.771774e-12,1000000.0
1.9320,1.769687e-12,1000000.0
1.9332,1.771158e-12,1000000.0
1.9344,1.751708e-12,1000000.0
1.9356,1.777691e-12,1000000.0
1.9368,1.762540e-12,1000000.0
1.9380,1.734817e-12,1000000.0
1.9392,1.740296e-12,1000000.0
1.9404,1.748511e-12,1000000.0
1.9416,1.732965e-12,1000000.0
1.9428,1.725184e-12,1000000.0
1.9440,1.728168e-12,1000000.0
1.9452,1.731564e-12,1000000.0
1.9464,1.722678e-12,1000000.0
1.9476,1.713320e-12,1000000.0
1.9488,1.717514e-12,1000000.0
1.9500,1.716998e-12,1000000.0
1.9512,1.691745e-12,1000000.0
1.9524,1.692096e-12,1000000.0
1.9536,1.699399e-12,1000000.0
1.9548,1.677113e-12,1000000.0
1.9560,1.674722e-12,1000000.0
1.9572,1.678408e-12,1000000.0
1.9584,1.688151e-12,1000000.0
1.9596,1.689803e-12,1000000.0
1.9608,1.664131e-12,1000000.0
1.9620,1.664740e-12,1000000.0
1.9632,1.631928e-12,1000000.0
1.9644,1.652960e-12,1000000.0
1.9656,1.636347e-12,1000000.0
1.9668,1.644789e-12,1000000.0
1.9680,1.638722e-12,1000000.0
1.9692,1.632466e-12,1000000.0
1.9704,1.619197e-12,1000000.0
1.9716,1.624380e-12,1000000.0
1.9728,1.634772e-12,1000000.0
1.9740,1.608152e-12,1000000.0
1.9752,1.603873e-12,1000000.0
1.9764,1.619732e-12,1000000.0
1.9776,1.599461e-12,1000000.0
1.9788,1.590871e-12,1000000.0
1.9800,1.572411e-12,1000000.0
1.9812,1.569747e-12,1000000.0
1.9824,1.581581e-12,1000000.0
1.9836,1.578882e-12,1000000.0
1.9848,1.569124e-12,1000000.0
1.9860,1.556842e-12,1000000.0
1.9872,1.568132e-12,1000000.0
1.9884,1.533225e-12,1000000.0
1.9896,1.543221e-12,1000000.0
1.9908,1.531457e-12,1000000.0
1.9920,1.558265e-12,1000000.0
1.9932,1.534355e-12,1000000.0
1.9944,1.540931e-12,1000000.0
1.9956,1.532611e-12,1000000.0
1.9968,1.490308e-12,1000000.0
1.9980,1.511132e-12,1000000.0
1.9992,1.528572e-12,1000000.0
2.0004,1.498719e-12,1000000.0
2.0016,1.472930e-12,1000000.0
2.0028,1.494619e-12,1000000.0
2.0040,1.484457e-12,1000000.0
2.0052,1.477478e-12,1000000.0
2.0064,1.471508e-12,1000000.0
2.0076,1.463680e-12,1000000.0
2.0088,1.450631e-12,1000000.0
2.0100,1.455509e-12,1000000.0
2.0112,1.441399e-12,1000000.0
2.0124,1.440914e-12,1000000.0
2.0136,1.430380e-12,1000000.0
2.0148,1.426217e-12,1000000.0
2.0160,1.435800e-12,1000000.0
2.0172,1.401521e-12,1000000.0
2.0184,1.411032e-12,1000000.0
2.0196,1.420265e-12,1000000.0
2.0208,1.395017e-12,1000000.0
2.0220,1.403753e-12,1000000.0
2.0232,1.387079e-12,1000000.0
2.0244,1.384765e-12,1000000.0
2.0256,1.377210e-12,1000000.0
2.0268,1.374849e-12,1000000.0
2.0280,1.361634e-12,1000000.0
2.0292,1.381620e-12,1000000.0
2.0304,1.356520e-12,1000000.0
2.0316,1.350020e-12,1000000.0
2.0328,1.351161e-12,1000000.0
2.0340,1.346030e-12,1000000.0
2.0352,1.340003e-12,1000000.0
2.0364,1.333046e-12,1000000.0
2.0376,1.305391e-12,1000000.0
2.0388,1.307119e-12,1000000.0
2.0400,1.292696e-12,1000000.0
2.0412,1.305413e-12,1000000.0
2.0424,1.304472e-12,1000000.0
2.0436,1.282656e-12,1000000.0
2.0448,1.296776e-12,1000000.0
2.0460,1.262594e-12,1000000.0
2.0472,1.273850e-12,1000000.0
2.0484,1.272616e-12,1000000.0
2.0496,1.248351e-12,1000000.0
2.0508,1.278977e-12,1000000.0
2.0520,1.252359e-12,1000000.0
2.0532,1.240628e-12,1000000.0
2.0544,1.237297e-12,1000000.0
2.0556,1.227974e-12,1000000.0
2.0568,1.212355e-12,1000000.0
2.0580,1.231970e-12,1000000.0
2.0592,1.224529e-12,1000000.0
2.0604,1.190360e-12,1000000.0
2.0616,1.180398e-12,1000000.0
2.0628,1.203630e-12,1000000.0
2.0640,1.181860e-12,1000000.0
2.0652,1.176996e-12,1000000.0
2.0664,1.178393e-12,1000000.0
2.0676,1.167451e-12,1000000.0
2.0688,1.155843e-12,1000000.0
2.0700,1.150232e-12,1000000.0
2.0712,1.153195e-12,1000000.0
2.0724,1.134045e-12,1000000.0
2.0736,1.144153e-12,1000000.0
2.0748,1.118912e-12,1000000.0
2.0760,1.127589e-12,1000000.0
2.0772,1.113407e-12,1000000.0
2.0784,1.121764e-12,1000000.0
2.0796,1.110996e-12,1000000.0
2.0808,1.111871e-12,1000000.0
2.0820,1.104827e-12,1000000.0
2.0832,1.084966e-12,1000000.0
2.0844,1.073933e-12,1000000.0
2.0856,1.069640e-12,1000000.0
2.0868,1.076890e-12,1000000.0
2.0880,1.070875e-12,1000000.0
2.0892,1.059071e-12,1000000.0
2.0904,1.068329e-12,1000000.0
2.0916,1.051645e-12,1000000.0
2.0928,1.049776e-12,1000000.0
2.0940,1.032423e-12,1000000.0
2.0952,1.032012e-12,1000000.0
2.0964,1.024204e-12,1000000.0
2.0976,9.923390e-13,1000000.0
2.0988,1.011039e-12,1000000.0
2.1000,1.028672e-12,1000000.0
2.1012,9.947781e-13,1000000.0
2.1024,1.002205e-12,1000000.0
2.1036,9.830796e-13,1000000.0
2.1048,9.906911e-13,1000000.0
2.1060,9.658654e-13,1000000.0
2.1072,9.518247e-13,1000000.0
2.1084,9.610964e-13,1000000.0
2.1096,9.538616e-13,1000000.0
2.1108,9.419509e-13,1000000.0
2.1120,9.463549e-13,1000000.0
2.1132,9.440088e-13,1000000.0
2.1144,9.388511e-13,1000000.0
2.1156,9.092330e-13,1000000.0
2.1168,9.084914e-13,1000000.0
2.1180,9.198301e-13,1000000.0
2.1192,8.995291e-13,1000000.0
2.1204,8.988960e-13,1000000.0
2.1216,8.611822e-13,1000000.0
2.1228,8.935421e-13,1000000.0
2.1240,8.760409e-13,1000000.0
2.1252,8.545981e-13,1000000.0
2.1264,8.714189e-13,1000000.0
2.1276,8.579144e-13,1000000.0
2.1288,8.544927e-13,1000000.0
2.1300,8.392611e-13,1000000.0
2.1312,8.370967e-13,1000000.0
2.1324,8.390319e-13,1000000.0
2.1336,8.262889e-13,1000000.0
2.1348,8.319527e-13,1000000.0
2.1360,7.934192e-13,1000000.0
2.1372,8.177911e-13,1000000.0
2.1384,8.124630e-13,1000000.0
2.1396,7.820813e-13,1000000.0
2.1408,7.971330e-13,1000000.0
2.1420,7.916238e-13,1000000.0
2.1432,7.690361e-13,1000000.0
2.1444,7.709585e-13,1000000.0
2.1456,7.813281e-13,1000000.0
2.1468,7.526337e-13,1000000.0
2.1480,7.621040e-13,1000000.0
2.1492,7.503342e-13,1000000.0
2.1504,7.431326e-13,1000000.0
2.1516,7.250394e-13,1000000.0
2.1528,7.334481e-13,1000000.0
2.1540,7.073803e-13,1000000.0
2.1552,7.040577e-13,1000000.0
2.1564,7.125968e-13,1000000.0
2.1576,7.098976e-13,1000000.0
2.1588,6.947682e-13,1000000.0
2.1600,6.835229e-13,1000000.0
2.1612,6.900668e-13,1000000.0
2.1624,6.714027e-13,1000000.0
2.1636,6.616864e-13,1000000.0
2.1648,6.704053e-13,1000000.0
2.1660,6.516184e-13,1000000.0
2.1672,6.557437e-13,1000000.0
2.1684,6.492304e-13,1000000.0
2.1696,6.466262e-13,1000000.0
2.1708,6.326820e-13,1000000.0
2.1720,6.236432e-13,1000000.0
2.1732,6.243238e-13,1000000.0
2.1744,6.155194e-13,1000000.0
2.1756,6.123510e-13,1000000.0
2.1768,6.105777e-13,1000000.0
2.1780,6.045377e-13,1000000.0
2.1792,6.016969e-13,1000000.0
2.1804,5.859565e-13,1000000.0
2.1816,5.752209e-13,1000000.0
2.1828,5.889144e-13,1000000.0
2.1840,5.833267e-13,1000000.0
2.1852,5.638235e-13,1000000.0
2.1864,5.706421e-13,1000000.0
2.1876,5.666447e-13,1000000.0
2.1888,5.363741e-13,1000000.0
2.1900,5.494040e-13,1000000.0
2.1912,5.484788e-13,1000000.0
2.1924,5.396250e-13,1000000.0
2.1936,5.349361e-13,1000000.0
2.1948,5.500261e-13,1000000.0
2.1960,5.160069e-13,1000000.0
2.1972,5.337213e-13,1000000.0
2.1984,4.993145e-13,1000000.0
2.1996,5.111938e-13,1000000.0
2.2008,5.059194e-13,1000000.0
2.2020,4.885407e-13,1000000.0
2.2032,4.986049e-13,1000000.0
2.2044,4.778380e-13,1000000.0
2.2056,4.545865e-13,1000000.0
2.2068,4.660099e-13,1000000.0
2.2080,4.653893e-13,1000000.0
2.2092,4.562808e-13,1000000.0
2.2104,4.659278e-13,1000000.0
2.2116,4.379425e-13,1000000.0
2.2128,4.502005e-13,1000000.0
2.2140,4.328270e-13,1000000.0
2.2152,4.326190e-13,1000000.0
2.2164,4.156127e-13,1000000.0
2.2176,4.253678e-13,1000000.0
2.2188,4.113276e-13,1000000.0
2.2200,4.066834e-13,1000000.0
2.2212,4.063567e-13,1000000.0
2.2224,4.058190e-13,1000000.0
2.2236,3.951985e-13,1000000.0
2.2248,3.989561e-13,1000000.0
2.2260,3.921089e-13,1000000.0
2.2272,3.581594e-13,1000000.0
2.2284,3.698742e-13,1000000.0
2.2296,3.754239e-13,1000000.0
2.2308,3.835398e-13,1000000.0
2.2320,3.657575e-13,1000000.0
2.2332,3.541833e-13,1000000.0
2.2344,3.611844e-13,1000000.0
2.2356,3.463704e-13,1000000.0
2.2368,3.519837e-13,1000000.0
2.2380,3.160480e-13,1000000.0
2.2392,3.369587e-13,1000000.0
2.2404,3.434118e-13,1000000.0
2.2416,3.297015e-13,1000000.0
2.2428,3.274038e-13,1000000.0
2.2440,3.150042e-13,1000000.0
2.2452,2.912553e-13,1000000.0
2.2464,3.123492e-13,1000000.0
2.2476,2.831305e-13,1000000.0
2.2488,2.860572e-13,1000000.0
2.2500,2.985688e-13,1000000.0
2.2512,2.855777e-13,1000000.0
2.2524,2.856002e-13,1000000.0
2.2536,2.646406e-13,1000000.0
2.2548,2.682094e-13,1000000.0
2.2560,2.731246e-13,1000000.0
2.2572,2.745282e-13,1000000.0
2.2584,2.666528e-13,1000000.0
2.2596,2.529637e-13,1000000.0
2.2608,2.603122e-13,1000000.0
2.2620,2.626189e-13,1000000.0
2.2632,2.354216e-13,1000000.0
2.2644,2.285185e-13,1000000.0
2.2656,2.269337e-13,1000000.0
2.2668,2.274602e-13,1000000.0
2.2680,2.326133e-13,1000000.0
2.2692,2.321913e-13,1000000.0
2.2704,2.098094e-13,1000000.0
2.2716,2.210988e-13,1000000.0
2.2728,1.997412e-13,1000000.0
2.2740,1.967300e-13,1000000.0
2.2752,2.080625e-13,1000000.0
2.2764,2.131123e-13,1000000.0
2.2776,1.975080e-13,1000000.0
2.2788,2.039913e-13,1000000.0
2.2800,1.938873e-13,1000000.0
2.2812,1.832865e-13,1000000.0
2.2824,1.968106e-13,1000000.0
2.2836,1.818035e-13,1000000.0
2.2848,1.656160e-13,1000000.0
2.2860,1.778844e-13,1000000.0
2.2872,1.635367e-13,1000000.0
2.2884,1.705933e-13,1000000.0
2.2896,1.379262e-13,1000000.0
2.2908,1.658982e-13,1000000.0
2.2920,1.602407e-13,1000000.0
2.2932,1.596525e-13,1000000.0
2.2944,1.450474e-13,1000000.0
2.2956,1.602086e-13,1000000.0
2.2968,1.590079e-13,1000000.0
2.2980,1.428380e-13,1000000.0
2.2992,1.346505e-13,1000000.0
2.3004,1.088665e-13,1000000.0
2.3016,1.372252e-13,1000000.0
2.3028,1.269499e-13,1000000.0
2.3040,1.175194e-13,1000000.0
2.3052,1.134659e-13,1000000.0
2.3064,1.121524e-13,1000000.0
2.3076,1.161964e-13,1000000.0
2.3088,9.400343e-14,1000000.0
2.3100,1.077545e-13,1000000.0
2.3112,1.184118e-13,1000000.0
2.3124,1.066800e-13,1000000.0
2.3136,1.003168e-13,1000000.0
2.3148,1.022479e-13,1000000.0
2.3160,1.033150e-13,1000000.0
2.3172,9.081326e-14,1000000.0
2.3184,9.148006e-14,1000000.0
2.3196,1.008109e-13,1000000.0
2.3208,7.171790e-14,1000000.0
2.3220,6.830624e-14,1000000.0
2.3232,8.129351e-14,1000000.0
2.3244,5.814758e-14,1000000.0
2.3256,6.681562e-14,1000000.0
2.3268,6.437977e-14,1000000.0
2.3280,1.022901e-13,1000000.0
2.3292,5.506561e-14,1000000.0
2.3304,5.746537e-14,1000000.0
2.3316,7.634038e-14,1000000.0
2.3328,7.218525e-14,1000000.0
2.3340,3.983069e-14,1000000.0
2.3352,5.310035e-14,1000000.0
2.3364,5.382036e-14,1000000.0
2.3376,4.694995e-14,1000000.0
2.3388,5.167719e-14,1000000.0
2.3400,3.488765e-14,1000000.0
2.3412,4.560047e-14,1000000.0
2.3424,3.812303e-14,1000000.0
2.3436,4.192677e-14,1000000.0
2.3448,5.015448e-14,1000000.0
2.3460,5.310312e-14,1000000.0
2.3472,5.590110e-14,1000000.0
2.3484,4.221485e-14,1000000.0
2.3496,4.270975e-14,1000000.0
2.3508,2.880894e-14,1000000.0
2.3520,2.722605e-14,1000000.0
2.3532,2.962570e-14,1000000.0
2.3544,3.103706e-14,1000000.0
2.3556,4.089968e-14,1000000.0
2.3568,3.295092e-14,1000000.0
2.3580,3.302096e-14,1000000.0
2.3592,1.993578e-14,1000000.0
2.3604,3.135481e-14,1000000.0
2.3616,1.562715e-14,1000000.0
2.3628,9.728524e-15,1000000.0
2.3640,2.324694e-14,1000000.0
2.3652,8.145354e-15,1000000.0
2.3664,2.459563e-14,1000000.0
2.3676,1.441747e-14,1000000.0
2.3688,2.634752e-14,1000000.0
2.3700,7.584446e-15,1000000.0
2.3712,1.949645e-14,1000000.0
2.3724,1.425924e-14,1000000.0
2.3736,6.507760e-15,1000000.0
2.3748,1.156354e-14,1000000.0
2.3760,4.838107e-15,1000000.0
2.3772,1.326463e-14,1000000.0
2.3784,2.327673e-14,1000000.0
2.3796,8.511398e-15,1000000.0
2.3808,-1.829696e-15,1000000.0
2.3820,1.823600e-14,1000000.0
2.3832,-1.972507e-15,1000000.0
2.3844,-1.435960e-14,1000000.0
2.3856,7.349669e-15,1000000.0
2.3868,1.724021e-14,1000000.0
2.3880,1.802409e-14,1000000.0
2.3892,2.194371e-14,1000000.0
2.3904,-6.763697e-15,1000000.0
2.3916,-8.115482e-15,1000000.0
2.3928,8.293008e-15,1000000.0
2.3940,-1.105929e-14,1000000.0
2.3952,-7.047791e-15,1000000.0
2.3964,-1.905625e-14,1000000.0
2.3976,1.798012e-14,1000000.0
2.3988,-1.240819e-14,1000000.0
2.4000,-3.251167e-15,1000000.0
2.4012,-2.047095e-14,1000000.0
2.4024,-8.665152e-15,1000000.0
2.4036,-1.761201e-14,1000000.0
2.4048,-3.232580e-15,1000000.0
2.4060,6.622604e-15,1000000.0
2.4072,-2.574183e-14,1000000.0
2.4084,-8.439065e-15,1000000.0
2.4096,1.571541e-14,1000000.0
2.4108,-1.296913e-14,1000000.0
2.4120,1.112248e-14,1000000.0
2.4132,6.742676e-15,1000000.0
2.4144,-3.885021e-15,1000000.0
2.4156,4.261942e-15,1000000.0
2.4168,5.498475e-15,1000000.0
2.4180,1.432724e-14,1000000.0
2.4192,-1.458093e-14,1000000.0
2.4204,-7.846572e-15,1000000.0
2.4216,1.385029e-14,1000000.0
2.4228,1.335303e-14,1000000.0
2.4240,1.310107e-14,1000000.0
2.4252,-2.022641e-14,1000000.0
2.4264,1.416686e-14,1000000.0
2.4276,8.168345e-15,1000000.0
2.4288,8.273602e-15,1000000.0
2.4300,3.293648e-15,1000000.0
2.4312,9.235298e-15,1000000.0
2.4324,8.073702e-15,1000000.0
2.4336,4.392285e-15,1000000.0
2.4348,1.009504e-14,1000000.0
2.4360,3.063096e-15,1000000.0
2.4372,1.980437e-14,1000000.0
2.4384,2.406251e-14,1000000.0
2.4396,1.976287e-14,1000000.0
2.4408,2.727232e-14,1000000.0
2.4420,2.492097e-14,1000000.0
2.4432,1.843099e-14,1000000.0
2.4444,4.538569e-15,1000000.0
2.4456,3.659931e-14,1000000.0
2.4468,3.023205e-14,1000000.0
2.4480,3.354888e-14,1000000.0
2.4492,3.291847e-14,1000000.0
2.4504,3.675629e-14,1000000.0
2.4516,1.735282e-14,1000000.0
2.4528,5.054944e-14,1000000.0
2.4540,3.611974e-14,1000000.0
2.4552,4.178749e-14,1000000.0
2.4564,6.952097e-14,1000000.0
2.4576,4.232467e-14,1000000.0
2.4588,4.533737e-14,1000000.0
2.4600,5.317417e-14,1000000.0
2.4612,5.776678e-14,1000000.0
2.4624,4.331225e-14,1000000.0
2.4636,4.774251e-14,1000000.0
2.4648,7.398649e-14,1000000.0
2.4660,5.795412e-14,1000000.0
2.4672,7.864884e-14,1000000.0
2.4684,5.715049e-14,1000000.0
2.4696,5.198646e-14,1000000.0
2.4708,6.663046e-14,1000000.0
2.4720,5.991666e-14,1000000.0
2.4732,9.118383e-14,1000000.0
2.4744,8.826479e-14,1000000.0
2.4756,8.180188e-14,1000000.0
2.4768,7.435129e-14,1000000.0
2.4780,8.919828e-14,1000000.0
2.4792,8.093626e-14,1000000.0
2.4804,8.425676e-14,1000000.0
2.4816,9.590254e-14,1000000.0
2.4828,8.952631e-14,1000000.0
2.4840,1.027427e-13,1000000.0
2.4852,9.689835e-14,1000000.0
2.4864,1.174780e-13,1000000.0
2.4876,1.065782e-13,1000000.0
2.4888,1.187911e-13,1000000.0
2.4900,1.347954e-13,1000000.0
2.4912,9.913318e-14,1000000.0
2.4924,1.215047e-13,1000000.0
2.4936,1.208203e-13,1000000.0
2.4948,1.019479e-13,1000000.0
2.4960,1.384004e-13,1000000.0
2.4972,1.279619e-13,1000000.0
2.4984,1.256270e-13,1000000.0
2.4996,1.367968e-13,1000000.0
2.5008,1.444936e-13,1000000.0
2.5020,1.438128e-13,1000000.0
2.5032,1.486842e-13,1000000.0
2.5044,1.479146e-13,1000000.0
2.5056,1.513806e-13,1000000.0
2.5068,1.384249e-13,1000000.0
2.5080,1.572919e-13,1000000.0
2.5092,1.594304e-13,1000000.0
2.5104,1.713707e-13,1000000.0
2.5116,1.652158e-13,1000000.0
2.5128,1.632510e-13,1000000.0
2.5140,1.646671e-13,1000000.0
2.5152,1.835441e-13,1000000.0
2.5164,1.839259e-13,1000000.0
2.5176,1.727119e-13,1000000.0
2.5188,1.718562e-13,1000000.0
2.5200,1.932552e-13,1000000.0
2.5212,1.676099e-13,1000000.0
2.5224,1.947659e-13,1000000.0
2.5236,1.906633e-13,1000000.0
2.5248,2.009373e-13,1000000.0
2.5260,2.071142e-13,1000000.0
2.5272,2.049933e-13,1000000.0
2.5284,2.253244e-13,1000000.0
2.5296,2.210453e-13,1000000.0
2.5308,2.216894e-13,1000000.0
2.5320,2.313055e-13,1000000.0
2.5332,2.310099e-13,1000000.0
2.5344,2.413131e-13,1000000.0
2.5356,2.334503e-13,1000000.0
2.5368,2.442619e-13,1000000.0
2.5380,2.572320e-13,1000000.0
2.5392,2.529668e-13,1000000.0
2.5404,2.652016e-13,1000000.0
2.5416,2.681575e-13,1000000.0
2.5428,2.652805e-13,1000000.0
2.5440,2.691885e-13,1000000.0
2.5452,2.753692e-13,1000000.0
2.5464,2.858460e-13,1000000.0
2.5476,2.847917e-13,1000000.0
2.5488,3.134810e-13,1000000.0
2.5500,2.938225e-13,1000000.0
2.5512,3.069073e-13,1000000.0
2.5524,3.116871e-13,1000000.0
2.5536,2.953300e-13,1000000.0
2.5548,3.127665e-13,1000000.0
2.5560,3.238648e-13,1000000.0
2.5572,3.276146e-13,1000000.0
2.5584,3.044003e-13,1000000.0
2.5596,3.513682e-13,1000000.0
2.5608,3.264098e-13,1000000.0
2.5620,3.282928e-13,1000000.0
2.5632,3.307311e-13,1000000.0
2.5644,3.398309e-13,1000000.0
2.5656,3.507342e-13,1000000.0
2.5668,3.536274e-13,1000000.0
2.5680,3.552378e-13,1000000.0
2.5692,3.632891e-13,1000000.0
2.5704,3.643904e-13,1000000.0
2.5716,3.739061e-13,1000000.0
2.5728,3.753270e-13,1000000.0
2.5740,3.588009e-13,1000000.0
2.5752,3.786457e-13,1000000.0
2.5764,3.958469e-13,1000000.0
2.5776,4.088654e-13,1000000.0
2.5788,4.111535e-13,1000000.0
2.5800,4.106414e-13,1000000.0
2.5812,4.297147e-13,1000000.0
2.5824,4.466093e-13,1000000.0
2.5836,4.195721e-13,1000000.0
2.5848,4.293890e-13,1000000.0
2.5860,4.419733e-13,1000000.0
2.5872,4.298887e-13,1000000.0
2.5884,4.470214e-13,1000000.0
2.5896,4.511235e-13,1000000.0
2.5908,4.473324e-13,1000000.0
2.5920,4.628635e-13,1000000.0
2.5932,4.805127e-13,1000000.0
2.5944,4.791256e-13,1000000.0
2.5956,4.847458e-13,1000000.0
2.5968,4.739440e-13,1000000.0
2.5980,4.871374e-13,1000000.0
2.5992,5.187545e-13,1000000.0
2.6004,5.003306e-13,1000000.0
2.6016,5.065822e-13,1000000.0
2.6028,5.045257e-13,1000000.0
2.6040,5.189741e-13,1000000.0
2.6052,5.224271e-13,1000000.0
2.6064,5.287681e-13,1000000.0
2.6076,5.417971e-13,1000000.0
2.6088,5.082349e-13,1000000.0
2.6100,5.382427e-13,1000000.0
2.6112,5.514111e-13,1000000.0
2.6124,5.766380e-13,1000000.0
2.6136,5.577569e-13,1000000.0
2.6148,5.907186e-13,1000000.0
2.6160,5.821877e-13,1000000.0
2.6172,5.682694e-13,1000000.0
2.6184,5.740199e-13,1000000.0
2.6196,5.828971e-13,1000000.0
2.6208,5.800116e-13,1000000.0
2.6220,5.832401e-13,1000000.0
2.6232,6.189424e-13,1000000.0
2.6244,6.158466e-13,1000000.0
2.6256,6.188844e-13,1000000.0
2.6268,6.080339e-13,1000000.0
2.6280,6.370285e-13,1000000.0
2.6292,6.469344e-13,1000000.0
2.6304,6.416842e-13,1000000.0
2.6316,6.551520e-13,1000000.0
2.6328,6.501759e-13,1000000.0
2.6340,6.595090e-13,1000000.0
2.6352,6.736213e-13,1000000.0
2.6364,6.783325e-13,1000000.0
2.6376,6.990867e-13,1000000.0
2.6388,6.931863e-13,1000000.0
2.6400,6.831158e-13,1000000.0
2.6412,6.762155e-13,1000000.0
2.6424,6.862275e-13,1000000.0
2.6436,7.222105e-13,1000000.0
2.6448,6.953307e-13,1000000.0
2.6460,7.190273e-13,1000000.0
2.6472,7.194718e-13,1000000.0
2.6484,7.356368e-13,1000000.0
2.6496,7.506361e-13,1000000.0
2.6508,7.559672e-13,1000000.0
2.6520,7.571224e-13,1000000.0
2.6532,7.537760e-13,1000000.0
2.6544,7.546114e-13,1000000.0
2.6556,7.740796e-13,1000000.0
2.6568,7.899002e-13,1000000.0
2.6580,7.773888e-13,1000000.0
2.6592,7.823701e-13,1000000.0
2.6604,8.231072e-13,1000000.0
2.6616,8.035764e-13,1000000.0
2.6628,7.979587e-13,1000000.0
2.6640,8.277725e-13,1000000.0
2.6652,8.105474e-13,1000000.0
2.6664,8.450150e-13,1000000.0
2.6676,8.405431e-13,1000000.0
2.6688,8.492343e-13,1000000.0
2.6700,8.280054e-13,1000000.0
2.6712,8.486007e-13,1000000.0
2.6724,8.684974e-13,1000000.0
2.6736,8.517368e-13,1000000.0
2.6748,8.555984e-13,1000000.0
2.6760,8.594663e-13,1000000.0
2.6772,8.824611e-13,1000000.0
2.6784,8.989110e-13,1000000.0
2.6796,8.814598e-13,1000000.0
2.6808,8.999142e-13,1000000.0
2.6820,9.115625e-13,1000000.0
2.6832,8.891705e-13,1000000.0
2.6844,9.419320e-13,1000000.0
2.6856,9.232055e-13,1000000.0
2.6868,9.139457e-13,1000000.0
2.6880,9.311453e-13,1000000.0
2.6892,9.473665e-13,1000000.0
2.6904,9.349555e-13,1000000.0
2.6916,9.540605e-13,1000000.0
2.6928,9.580143e-13,1000000.0
2.6940,9.679486e-13,1000000.0
2.6952,9.772292e-13,1000000.0
2.6964,9.812648e-13,1000000.0
2.6976,9.563391e-13,1000000.0
2.6988,9.968725e-13,1000000.0
2.7000,1.007708e-12,1000000.0
2.7012,1.014155e-12,1000000.0
2.7024,1.005441e-12,1000000.0
2.7036,1.013540e-12,1000000.0
2.7048,9.990865e-13,1000000.0
2.7060,1.022436e-12,1000000.0
2.7072,1.025893e-12,1000000.0
2.7084,1.033281e-12,1000000.0
2.7096,1.064297e-12,1000000.0
2.7108,1.062095e-12,1000000.0
2.7120,1.054837e-12,1000000.0
2.7132,1.059452e-12,1000000.0
2.7144,1.094334e-12,1000000.0
2.7156,1.082332e-12,1000000.0
2.7168,1.106743e-12,1000000.0
2.7180,1.087896e-12,1000000.0
2.7192,1.107949e-12,1000000.0
2.7204,1.110659e-12,1000000.0
2.7216,1.102043e-12,1000000.0
2.7228,1.127104e-12,1000000.0
2.7240,1.141418e-12,1000000.0
2.7252,1.106247e-12,1000000.0
2.7264,1.137310e-12,1000000.0
2.7276,1.142133e-12,1000000.0
2.7288,1.157736e-12,1000000.0
2.7300,1.150376e-12,1000000.0
2.7312,1.156151e-12,1000000.0
2.7324,1.169331e-12,1000000.0
2.7336,1.171837e-12,1000000.0
2.7348,1.187570e-12,1000000.0
2.7360,1.184838e-12,1000000.0
2.7372,1.196404e-12,1000000.0
2.7384,1.197192e-12,1000000.0
2.7396,1.196304e-12,1000000.0
2.7408,1.205954e-12,1000000.0
2.7420,1.224271e-12,1000000.0
2.7432,1.217212e-12,1000000.0
2.7444,1.226375e-12,1000000.0
2.7456,1.236900e-12,1000000.0
2.7468,1.229808e-12,1000000.0
2.7480,1.272069e-12,1000000.0
2.7492,1.241162e-12,1000000.0
2.7504,1.254295e-12,1000000.0
2.7516,1.271258e-12,1000000.0
2.7528,1.266773e-12,1000000.0
2.7540,1.292052e-12,1000000.0
2.7552,1.290151e-12,1000000.0
2.7564,1.275084e-12,1000000.0
2.7576,1.304299e-12,1000000.0
2.7588,1.293640e-12,1000000.0
2.7600,1.300662e-12,1000000.0
2.7612,1.305985e-12,1000000.0
2.7624,1.322004e-12,1000000.0
2.7636,1.324597e-12,1000000.0
2.7648,1.340637e-12,1000000.0
2.7660,1.330385e-12,1000000.0
2.7672,1.332522e-12,1000000.0
2.7684,1.348247e-12,1000000.0
2.7696,1.371648e-12,1000000.0
2.7708,1.363534e-12,1000000.0
2.7720,1.365916e-12,1000000.0
2.7732,1.380617e-12,1000000.0
2.7744,1.387461e-12,1000000.0
2.7756,1.389888e-12,1000000.0
2.7768,1.389867e-12,1000000.0
2.7780,1.394381e-12,1000000.0
2.7792,1.409752e-12,1000000.0
2.7804,1.409711e-12,1000000.0
2.7816,1.434374e-12,1000000.0
2.7828,1.430079e-12,1000000.0
2.7840,1.426973e-12,1000000.0
2.7852,1.416278e-12,1000000.0
2.7864,1.434185e-12,1000000.0
2.7876,1.445397e-12,1000000.0
2.7888,1.439562e-12,1000000.0
2.7900,1.453550e-12,1000000.0
2.7912,1.451603e-12,1000000.0
2.7924,1.474622e-12,1000000.0
2.7936,1.456682e-12,1000000.0
2.7948,1.474928e-12,1000000.0
2.7960,1.476007e-12,1000000.0
2.7972,1.490171e-12,1000000.0
2.7984,1.513191e-12,1000000.0
2.7996,1.497928e-12,1000000.0
2.8008,1.494986e-12,1000000.0
2.8020,1.505572e-12,1000000.0
2.8032,1.542420e-12,1000000.0
2.8044,1.521031e-12,1000000.0
2.8056,1.513986e-12,1000000.0
2.8068,1.517618e-12,1000000.0
2.8080,1.549628e-12,1000000.0
2.8092,1.550998e-12,1000000.0
2.8104,1.547232e-12,1000000.0
2.8116,1.556478e-12,1000000.0
2.8128,1.551998e-12,1000000.0
2.8140,1.554826e-12,1000000.0
2.8152,1.567136e-12,1000000.0
2.8164,1.574055e-12,1000000.0
2.8176,1.580300e-12,1000000.0
2.8188,1.592415e-12,1000000.0
2.8200,1.576709e-12,1000000.0
2.8212,1.593691e-12,1000000.0
2.8224,1.618154e-12,1000000.0
2.8236,1.600277e-12,1000000.0
2.8248,1.606185e-12,1000000.0
2.8260,1.626032e-12,1000000.0
2.8272,1.613171e-12,1000000.0
2.8284,1.632912e-12,1000000.0
2.8296,1.619447e-12,1000000.0
2.8308,1.632893e-12,1000000.0
2.8320,1.629033e-12,1000000.0
2.8332,1.645144e-12,1000000.0
2.8344,1.632064e-12,1000000.0
2.8356,1.652717e-12,1000000.0
2.8368,1.659218e-12,1000000.0
2.8380,1.649337e-12,1000000.0
2.8392,1.655507e-12,1000000.0
2.8404,1.666349e-12,1000000.0
2.8416,1.678688e-12,1000000.0
2.8428,1.688486e-12,1000000.0
2.8440,1.684105e-12,1000000.0
2.8452,1.691981e-12,1000000.0
2.8464,1.700887e-12,1000000.0
2.8476,1.708257e-12,1000000.0
2.8488,1.696840e-12,1000000.0
2.8500,1.717307e-12,1000000.0
2.8512,1.711756e-12,1000000.0
2.8524,1.722064e-12,1000000.0
2.8536,1.729677e-12,1000000.0
2.8548,1.714690e-12,1000000.0
2.8560,1.716720e-12,1000000.0
2.8572,1.730414e-12,1000000.0
2.8584,1.738738e-12,1000000.0
2.8596,1.751196e-12,1000000.0
2.8608,1.742363e-12,1000000.0
2.8620,1.742614e-12,1000000.0
2.8632,1.761146e-12,1000000.0
2.8644,1.753275e-12,1000000.0
2.8656,1.754174e-12,1000000.0
2.8668,1.770232e-12,1000000.0
2.8680,1.777060e-12,1000000.0
2.8692,1.771248e-12,1000000.0
2.8704,1.793482e-12,1000000.0
2.8716,1.778137e-12,1000000.0
2.8728,1.777927e-12,1000000.0
2.8740,1.782630e-12,1000000.0
2.8752,1.790593e-12,1000000.0
2.8764,1.803454e-12,1000000.0
2.8776,1.803292e-12,1000000.0
2.8788,1.784383e-12,1000000.0
2.8800,1.808382e-12,1000000.0
2.8812,1.824656e-12,1000000.0
2.8824,1.811714e-12,1000000.0
2.8836,1.804949e-12,1000000.0
2.8848,1.819855e-12,1000000.0
2.8860,1.823910e-12,1000000.0
2.8872,1.813085e-12,1000000.0
2.8884,1.840704e-12,1000000.0
2.8896,1.846099e-12,1000000.0
2.8908,1.825832e-12,1000000.0
2.8920,1.847650e-12,1000000.0
2.8932,1.856025e-12,1000000.0
2.8944,1.850042e-12,1000000.0
2.8956,1.853491e-12,1000000.0
2.8968,1.835744e-12,1000000.0
2.8980,1.885721e-12,1000000.0
2.8992,1.865669e-12,1000000.0
2.9004,1.862572e-12,1000000.0
2.9016,1.863125e-12,1000000.0
2.9028,1.852337e-12,1000000.0
2.9040,1.875149e-12,1000000.0
2.9052,1.879798e-12,1000000.0
2.9064,1.872657e-12,1000000.0
2.9076,1.881304e-12,1000000.0
2.9088,1.875341e-12,1000000.0
2.9100,1.878067e-12,1000000.0
2.9112,1.908666e-12,1000000.0
2.9124,1.891016e-12,1000000.0
2.9136,1.892112e-12,1000000.0
2.9148,1.925901e-12,1000000.0
2.9160,1.908891e-12,1000000.0
2.9172,1.911243e-12,1000000.0
2.9184,1.911710e-12,1000000.0
2.9196,1.898096e-12,1000000.0
2.9208,1.915718e-12,1000000.0
2.9220,1.903352e-12,1000000.0
2.9232,1.926453e-12,1000000.0
2.9244,1.910273e-12,1000000.0
2.9256,1.925888e-12,1000000.0
2.9268,1.934798e-12,1000000.0
2.9280,1.935877e-12,1000000.0
2.9292,1.929671e-12,1000000.0
2.9304,1.944570e-12,1000000.0
2.9316,1.942961e-12,1000000.0
2.9328,1.926952e-12,1000000.0
2.9340,1.944078e-12,1000000.0
2.9352,1.967184e-12,1000000.0
2.9364,1.951582e-12,1000000.0
2.9376,1.964751e-12,1000000.0
2.9388,1.934603e-12,1000000.0
2.9400,1.956580e-12,1000000.0
2.9412,1.947031e-12,1000000.0
2.9424,1.947327e-12,1000000.0
2.9436,1.946718e-12,1000000.0
2.9448,1.959851e-12,1000000.0
2.9460,1.954213e-12,1000000.0
2.9472,1.965670e-12,1000000.0
2.9484,1.940729e-12,1000000.0
2.9496,1.975650e-12,1000000.0
2.9508,1.949859e-12,1000000.0
2.9520,1.988284e-12,1000000.0
2.9532,1.984718e-12,1000000.0
2.9544,1.973336e-12,1000000.0
2.9556,1.969248e-12,1000000.0
2.9568,1.956094e-12,1000000.0
2.9580,1.968771e-12,1000000.0
2.9592,1.976758e-12,1000000.0
2.9604,1.969281e-12,1000000.0
2.9616,1.992721e-12,1000000.0
2.9628,1.981468e-12,1000000.0
2.9640,1.984488e-12,1000000.0
2.9652,1.985871e-12,1000000.0
2.9664,1.993039e-12,1000000.0
2.9676,1.990926e-12,1000000.0
2.9688,1.995345e-12,1000000.0
2.9700,2.017966e-12,1000000.0
2.9712,1.991259e-12,1000000.0
2.9724,2.008178e-12,1000000.0
2.9736,1.985406e-12,1000000.0
2.9748,2.000336e-12,1000000.0
2.9760,1.990519e-12,1000000.0
2.9772,2.009275e-12,1000000.0
2.9784,1.987619e-12,1000000.0
2.9796,2.000681e-12,1000000.0
2.9808,2.008394e-12,1000000.0
2.9820,1.992144e-12,1000000.0
2.9832,1.976548e-12,1000000.0
2.9844,1.991697e-12,1000000.0
2.9856,1.973176e-12,1000000.0
2.9868,2.001752e-12,1000000.0
2.9880,2.004415e-12,1000000.0
2.9892,2.008570e-12,1000000.0
2.9904,1.994895e-12,1000000.0
2.9916,2.006259e-12,1000000.0
2.9928,1.998682e-12,1000000.0
2.9940,1.996189e-12,1000000.0
2.9952,2.005271e-12,1000000.0
2.9964,2.016010e-12,1000000.0
2.9976,2.007008e-12,1000000.0
2.9988,2.014363e-12,1000000.0
3.0000,1.979373e-12,1000000.0
